venue,state,race_number,race_name,race_time,distance,grade,box,dog_name,dog_id,trainer,best_time,last_4_starts,trait,runner_grade,track_dist_record,speedmap_sectional,last_start_place,last_start_dist,last_start_date,last_start_track,dog_profile_url,pr1_placing,pr1_box,pr1_weight,pr1_dist,pr1_date,pr1_track,pr1_grade,pr1_time,pr1_win_time,pr1_bon_time,pr1_sec1,pr1_margin,pr1_winner,pr1_pir,pr1_sp,pr2_placing,pr2_box,pr2_weight,pr2_dist,pr2_date,pr2_track,pr2_grade,pr2_time,pr2_win_time,pr2_bon_time,pr2_sec1,pr2_margin,pr2_winner,pr2_pir,pr2_sp,pr3_placing,pr3_box,pr3_weight,pr3_dist,pr3_date,pr3_track,pr3_grade,pr3_time,pr3_win_time,pr3_bon_time,pr3_sec1,pr3_margin,pr3_winner,pr3_pir,pr3_sp,pr4_placing,pr4_box,pr4_weight,pr4_dist,pr4_date,pr4_track,pr4_grade,pr4_time,pr4_win_time,pr4_bon_time,pr4_sec1,pr4_margin,pr4_winner,pr4_pir,pr4_sp,pr5_placing,pr5_box,pr5_weight,pr5_dist,pr5_date,pr5_track,pr5_grade,pr5_time,pr5_win_time,pr5_bon_time,pr5_sec1,pr5_margin,pr5_winner,pr5_pir,pr5_sp,box_starts,box_wins,box_places,box_win_pct,box_place_pct,track_best_time
Taree,NSW,7,Manning River Steel,2026-03-18T20:34:00+11:00,300m,5th Grade,1,She's A Panama,437785,Julie King,17.58,4151,FM,5,1: 1-0-0,6.43,,,,,,,,,,,,,,,,,,,,,,,,,,,,,,,,,,,,,,,,,,,,,,,,,,,,,,,,,,,,,,,,,,,,,,,,,,,,,,,,,,,,,,
Taree,NSW,7,Manning River Steel,2026-03-18T20:34:00+11:00,300m,5th Grade,2,Bargain Betty,439761,Samuel,NBT,6271,FR,5,0: 0-0-0,,,,,,,,,,,,,,,,,,,,,,,,,,,,,,,,,,,,,,,,,,,,,,,,,,,,,,,,,,,,,,,,,,,,,,,,,,,,,,,,,,,,,,,
Taree,NSW,7,Manning River Steel,2026-03-18T20:34:00+11:00,300m,5th Grade,3,Proper Diva,434526,Brian Smoothy,17.51,5547,FR,5,6: 1-0-0,6.66,,,,,,,,,,,,,,,,,,,,,,,,,,,,,,,,,,,,,,,,,,,,,,,,,,,,,,,,,,,,,,,,,,,,,,,,,,,,,,,,,,,,,,
Taree,NSW,7,Manning River Steel,2026-03-18T20:34:00+11:00,300m,5th Grade,4,White High,432728,Tony Desira,17.54,1582,FR,5,4: 1-1-0,6.59,,,,,,,,,,,,,,,,,,,,,,,,,,,,,,,,,,,,,,,,,,,,,,,,,,,,,,,,,,,,,,,,,,,,,,,,,,,,,,,,,,,,,,
Taree,NSW,7,Manning River Steel,2026-03-18T20:34:00+11:00,300m,5th Grade,5,Zipping Gidey,441614,Leeanne Goodwin,17.39,51,FM,5,2: 1-0-0,6.51,,,,,,,,,,,,,,,,,,,,,,,,,,,,,,,,,,,,,,,,,,,,,,,,,,,,,,,,,,,,,,,,,,,,,,,,,,,,,,,,,,,,,,
Taree,NSW,7,Manning River Steel,2026-03-18T20:34:00+11:00,300m,5th Grade,6,Dive Right In,441703,Allan Woods,17.95,41,FM,5,2: 1-0-0,6.65,,,,,,,,,,,,,,,,,,,,,,,,,,,,,,,,,,,,,,,,,,,,,,,,,,,,,,,,,,,,,,,,,,,,,,,,,,,,,,,,,,,,,,
Taree,NSW,7,Manning River Steel,2026-03-18T20:34:00+11:00,300m,5th Grade,7,Ella Black,431109,Vincent Cassar,17.44,3114,FM,5,27: 3-7-3,6.65,,,,,,,,,,,,,,,,,,,,,,,,,,,,,,,,,,,,,,,,,,,,,,,,,,,,,,,,,,,,,,,,,,,,,,,,,,,,,,,,,,,,,,
Taree,NSW,7,Manning River Steel,2026-03-18T20:34:00+11:00,300m,5th Grade,8,Run Rolex,441611,Denis Solomon,17.44,11,FM,5,2: 2-0-0,6.50,,,,,,,,,,,,,,,,,,,,,,,,,,,,,,,,,,,,,,,,,,,,,,,,,,,,,,,,,,,,,,,,,,,,,,,,,,,,,,,,,,,,,,
Taree,NSW,8,Tg Ladbrokes Racing Extras In Multi 8-15,2026-03-18T20:57:00+11:00,300m,5th Grade,1,Blue Legend,440122,Peter Neilson,17.60,4635,FM,5,14: 2-3-2,6.62,,,,,,,,,,,,,,,,,,,,,,,,,,,,,,,,,,,,,,,,,,,,,,,,,,,,,,,,,,,,,,,,,,,,,,,,,,,,,,,,,,,,,,
Taree,NSW,8,Tg Ladbrokes Racing Extras In Multi 8-15,2026-03-18T20:57:00+11:00,300m,5th Grade,2,Whiskey Agogo,436768,Charlie Lamb,17.52,5164,FM,5,7: 1-0-1,6.61,,,,,,,,,,,,,,,,,,,,,,,,,,,,,,,,,,,,,,,,,,,,,,,,,,,,,,,,,,,,,,,,,,,,,,,,,,,,,,,,,,,,,,
Taree,NSW,8,Tg Ladbrokes Racing Extras In Multi 8-15,2026-03-18T20:57:00+11:00,300m,5th Grade,3,Smoke And Flame,421503,Michael Worth,17.58,5655,FR,5,5: 0-1-2,6.72,,,,,,,,,,,,,,,,,,,,,,,,,,,,,,,,,,,,,,,,,,,,,,,,,,,,,,,,,,,,,,,,,,,,,,,,,,,,,,,,,,,,,,
Taree,NSW,8,Tg Ladbrokes Racing Extras In Multi 8-15,2026-03-18T20:57:00+11:00,300m,5th Grade,4,Snacks,357239,Aaron Shearman,17.67,3553,FM,5,25: 3-2-5,6.72,,,,,,,,,,,,,,,,,,,,,,,,,,,,,,,,,,,,,,,,,,,,,,,,,,,,,,,,,,,,,,,,,,,,,,,,,,,,,,,,,,,,,,
Taree,NSW,8,Tg Ladbrokes Racing Extras In Multi 8-15,2026-03-18T20:57:00+11:00,300m,5th Grade,5,Paw Bellonda,438210,Geoffrey Stackman,17.72,3214,FM,5,9: 1-3-3,6.59,,,,,,,,,,,,,,,,,,,,,,,,,,,,,,,,,,,,,,,,,,,,,,,,,,,,,,,,,,,,,,,,,,,,,,,,,,,,,,,,,,,,,,
Taree,NSW,8,Tg Ladbrokes Racing Extras In Multi 8-15,2026-03-18T20:57:00+11:00,300m,5th Grade,6,Power Rolex,440043,Peter Neilson,17.67,6423,FM,5,5: 1-1-1,6.67,,,,,,,,,,,,,,,,,,,,,,,,,,,,,,,,,,,,,,,,,,,,,,,,,,,,,,,,,,,,,,,,,,,,,,,,,,,,,,,,,,,,,,
Taree,NSW,8,Tg Ladbrokes Racing Extras In Multi 8-15,2026-03-18T20:57:00+11:00,300m,5th Grade,7,Heading South,434890,Melanie Mabbott,NBT,4322,FR,5,0: 0-0-0,,,,,,,,,,,,,,,,,,,,,,,,,,,,,,,,,,,,,,,,,,,,,,,,,,,,,,,,,,,,,,,,,,,,,,,,,,,,,,,,,,,,,,,
Taree,NSW,8,Tg Ladbrokes Racing Extras In Multi 8-15,2026-03-18T20:57:00+11:00,300m,5th Grade,8,Tequila Ripple,437601,Julie King,NBT,6551,FR,5,0: 0-0-0,,,,,,,,,,,,,,,,,,,,,,,,,,,,,,,,,,,,,,,,,,,,,,,,,,,,,,,,,,,,,,,,,,,,,,,,,,,,,,,,,,,,,,,
Taree,NSW,9,Tg Ladbrokes Quick Multi 8-15,2026-03-18T21:17:00+11:00,300m,5th Grade,1,Malmsteen,432130,Jonathan Childs,17.58,3662,FR,5,9: 0-3-2,6.51,,,,,,,,,,,,,,,,,,,,,,,,,,,,,,,,,,,,,,,,,,,,,,,,,,,,,,,,,,,,,,,,,,,,,,,,,,,,,,,,,,,,,,
Taree,NSW,9,Tg Ladbrokes Quick Multi 8-15,2026-03-18T21:17:00+11:00,300m,5th Grade,2,Rocky Bell,437751,Danial Stone,17.61,8246,RM,5,34: 4-5-3,6.60,,,,,,,,,,,,,,,,,,,,,,,,,,,,,,,,,,,,,,,,,,,,,,,,,,,,,,,,,,,,,,,,,,,,,,,,,,,,,,,,,,,,,,
Taree,NSW,9,Tg Ladbrokes Quick Multi 8-15,2026-03-18T21:17:00+11:00,300m,5th Grade,3,Tralee Digby,438735,Melanie Mabbott,17.53,8541,FR,5,7: 2-1-0,6.62,,,,,,,,,,,,,,,,,,,,,,,,,,,,,,,,,,,,,,,,,,,,,,,,,,,,,,,,,,,,,,,,,,,,,,,,,,,,,,,,,,,,,,
Taree,NSW,9,Tg Ladbrokes Quick Multi 8-15,2026-03-18T21:17:00+11:00,300m,5th Grade,4,Little Big Guy,438651,Brian Smoothy,17.70,2328,FM,5,22: 1-3-5,6.75,,,,,,,,,,,,,,,,,,,,,,,,,,,,,,,,,,,,,,,,,,,,,,,,,,,,,,,,,,,,,,,,,,,,,,,,,,,,,,,,,,,,,,
Taree,NSW,9,Tg Ladbrokes Quick Multi 8-15,2026-03-18T21:17:00+11:00,300m,5th Grade,5,Red Hot Rangoon,432029,Peter Neilson,17.78,2548,FR,5,9: 0-1-0,6.78,,,,,,,,,,,,,,,,,,,,,,,,,,,,,,,,,,,,,,,,,,,,,,,,,,,,,,,,,,,,,,,,,,,,,,,,,,,,,,,,,,,,,,
Taree,NSW,9,Tg Ladbrokes Quick Multi 8-15,2026-03-18T21:17:00+11:00,300m,5th Grade,6,Tap Out Gracie,439033,Melanie Mabbott,17.68,1376,FM,5,16: 2-5-1,6.57,,,,,,,,,,,,,,,,,,,,,,,,,,,,,,,,,,,,,,,,,,,,,,,,,,,,,,,,,,,,,,,,,,,,,,,,,,,,,,,,,,,,,,
Taree,NSW,9,Tg Ladbrokes Quick Multi 8-15,2026-03-18T21:17:00+11:00,300m,5th Grade,7,Just Too Easy,418654,Brian Smoothy,17.75,7242,FR,5,19: 0-3-4,6.70,,,,,,,,,,,,,,,,,,,,,,,,,,,,,,,,,,,,,,,,,,,,,,,,,,,,,,,,,,,,,,,,,,,,,,,,,,,,,,,,,,,,,,
Taree,NSW,9,Tg Ladbrokes Quick Multi 8-15,2026-03-18T21:17:00+11:00,300m,5th Grade,8,Ivy Star,435773,Beverley Sloan,17.54,7716,FR,5,18: 2-2-3,6.66,,,,,,,,,,,,,,,,,,,,,,,,,,,,,,,,,,,,,,,,,,,,,,,,,,,,,,,,,,,,,,,,,,,,,,,,,,,,,,,,,,,,,,
Taree,NSW,10,Tg Harrington Bakehouse and Cafe 8-15,2026-03-18T21:41:00+11:00,300m,5th Grade,1,Midweek Scotches,428783,Jason Carter,17.41,5643,RR,5,28: 2-2-4,6.70,,,,,,,,,,,,,,,,,,,,,,,,,,,,,,,,,,,,,,,,,,,,,,,,,,,,,,,,,,,,,,,,,,,,,,,,,,,,,,,,,,,,,,
Taree,NSW,10,Tg Harrington Bakehouse and Cafe 8-15,2026-03-18T21:41:00+11:00,300m,5th Grade,2,Shipley's Girl,437876,Peter Neilson,17.26,4555,FM,5,10: 3-0-1,6.60,,,,,,,,,,,,,,,,,,,,,,,,,,,,,,,,,,,,,,,,,,,,,,,,,,,,,,,,,,,,,,,,,,,,,,,,,,,,,,,,,,,,,,
Taree,NSW,10,Tg Harrington Bakehouse and Cafe 8-15,2026-03-18T21:41:00+11:00,300m,5th Grade,3,Scotch Lass,439789,Beverley Sloan,17.63,5841,FR,5,5: 1-0-1,6.61,,,,,,,,,,,,,,,,,,,,,,,,,,,,,,,,,,,,,,,,,,,,,,,,,,,,,,,,,,,,,,,,,,,,,,,,,,,,,,,,,,,,,,
Taree,NSW,10,Tg Harrington Bakehouse and Cafe 8-15,2026-03-18T21:41:00+11:00,300m,5th Grade,4,Tulloch Road,432626,Gregory Baldwin,17.61,1718,FM,5,34: 4-2-9,6.64,,,,,,,,,,,,,,,,,,,,,,,,,,,,,,,,,,,,,,,,,,,,,,,,,,,,,,,,,,,,,,,,,,,,,,,,,,,,,,,,,,,,,,
Taree,NSW,10,Tg Harrington Bakehouse and Cafe 8-15,2026-03-18T21:41:00+11:00,300m,5th Grade,5,Quirky Nacho,435213,Melanie Mabbott,17.51,3826,FM,5,5: 1-2-0,6.54,,,,,,,,,,,,,,,,,,,,,,,,,,,,,,,,,,,,,,,,,,,,,,,,,,,,,,,,,,,,,,,,,,,,,,,,,,,,,,,,,,,,,,
Taree,NSW,10,Tg Harrington Bakehouse and Cafe 8-15,2026-03-18T21:41:00+11:00,300m,5th Grade,6,Kingsbrae Maggie,435350,Arron Watson,17.53,3734,RR,5,8: 1-0-4,6.60,,,,,,,,,,,,,,,,,,,,,,,,,,,,,,,,,,,,,,,,,,,,,,,,,,,,,,,,,,,,,,,,,,,,,,,,,,,,,,,,,,,,,,
Taree,NSW,10,Tg Harrington Bakehouse and Cafe 8-15,2026-03-18T21:41:00+11:00,300m,5th Grade,7,Port Before Bed,439533,Brian Smoothy,17.76,1755,FM,5,16: 2-1-0,6.71,,,,,,,,,,,,,,,,,,,,,,,,,,,,,,,,,,,,,,,,,,,,,,,,,,,,,,,,,,,,,,,,,,,,,,,,,,,,,,,,,,,,,,
Taree,NSW,10,Tg Harrington Bakehouse and Cafe 8-15,2026-03-18T21:41:00+11:00,300m,5th Grade,8,Ritzy Ritzy,428950,Brian Smoothy,17.67,1466,FR,5,23: 3-3-2,6.65,,,,,,,,,,,,,,,,,,,,,,,,,,,,,,,,,,,,,,,,,,,,,,,,,,,,,,,,,,,,,,,,,,,,,,,,,,,,,,,,,,,,,,
Taree,NSW,11,Tg Npc Electrical 8-15,2026-03-18T21:59:00+11:00,300m,5th Grade,1,Bugle Girl,428870,Aaron Shearman,17.69,5665,FW,5,5: 0-0-0,6.65,,,,,,,,,,,,,,,,,,,,,,,,,,,,,,,,,,,,,,,,,,,,,,,,,,,,,,,,,,,,,,,,,,,,,,,,,,,,,,,,,,,,,,
Taree,NSW,11,Tg Npc Electrical 8-15,2026-03-18T21:59:00+11:00,300m,5th Grade,2,Let's Trot Will,434293,Troy Dunn,17.59,7727,FR,5,23: 1-6-2,6.63,,,,,,,,,,,,,,,,,,,,,,,,,,,,,,,,,,,,,,,,,,,,,,,,,,,,,,,,,,,,,,,,,,,,,,,,,,,,,,,,,,,,,,
Taree,NSW,11,Tg Npc Electrical 8-15,2026-03-18T21:59:00+11:00,300m,5th Grade,3,Tralee Tiny,438912,Melanie Mabbott,17.74,5614,FM,5,13: 1-6-1,6.62,,,,,,,,,,,,,,,,,,,,,,,,,,,,,,,,,,,,,,,,,,,,,,,,,,,,,,,,,,,,,,,,,,,,,,,,,,,,,,,,,,,,,,
Taree,NSW,11,Tg Npc Electrical 8-15,2026-03-18T21:59:00+11:00,300m,5th Grade,4,Redshift Foxtrot,425155,Terry Callen,17.65,3878,FR,5,9: 0-1-2,6.62,,,,,,,,,,,,,,,,,,,,,,,,,,,,,,,,,,,,,,,,,,,,,,,,,,,,,,,,,,,,,,,,,,,,,,,,,,,,,,,,,,,,,,
Taree,NSW,11,Tg Npc Electrical 8-15,2026-03-18T21:59:00+11:00,300m,5th Grade,5,Good Odds Cuba,440898,,17.69,1478,FM,5,4: 1-0-0,6.66,,,,,,,,,,,,,,,,,,,,,,,,,,,,,,,,,,,,,,,,,,,,,,,,,,,,,,,,,,,,,,,,,,,,,,,,,,,,,,,,,,,,,,
Taree,NSW,11,Tg Npc Electrical 8-15,2026-03-18T21:59:00+11:00,300m,5th Grade,6,Not A Boodie,427426,Jason Carter,17.36,6564,FW,5,53: 7-6-7,6.61,,,,,,,,,,,,,,,,,,,,,,,,,,,,,,,,,,,,,,,,,,,,,,,,,,,,,,,,,,,,,,,,,,,,,,,,,,,,,,,,,,,,,,
Taree,NSW,11,Tg Npc Electrical 8-15,2026-03-18T21:59:00+11:00,300m,5th Grade,7,Ultra Special,439058,Jonathan Childs,17.92,4137,FR,5,11: 1-3-1,6.60,,,,,,,,,,,,,,,,,,,,,,,,,,,,,,,,,,,,,,,,,,,,,,,,,,,,,,,,,,,,,,,,,,,,,,,,,,,,,,,,,,,,,,
Taree,NSW,11,Tg Npc Electrical 8-15,2026-03-18T21:59:00+11:00,300m,5th Grade,8,Becky Belle,438452,Danial Stone,17.67,6366,FM,5,25: 3-3-6,6.59,,,,,,,,,,,,,,,,,,,,,,,,,,,,,,,,,,,,,,,,,,,,,,,,,,,,,,,,,,,,,,,,,,,,,,,,,,,,,,,,,,,,,,
Taree,NSW,12,Tg Fab Con Manning Valley 8-15,2026-03-18T22:18:00+11:00,300m,5th Grade,1,Impress Bev,436812,Lauren Bramble,17.80,8364,FM,5,32: 1-2-2,6.79,,,,,,,,,,,,,,,,,,,,,,,,,,,,,,,,,,,,,,,,,,,,,,,,,,,,,,,,,,,,,,,,,,,,,,,,,,,,,,,,,,,,,,
Taree,NSW,12,Tg Fab Con Manning Valley 8-15,2026-03-18T22:18:00+11:00,300m,5th Grade,2,Tabloid Gossip,426108,Julie King,18.43,5488,FR,5,1: 0-0-0,6.76,,,,,,,,,,,,,,,,,,,,,,,,,,,,,,,,,,,,,,,,,,,,,,,,,,,,,,,,,,,,,,,,,,,,,,,,,,,,,,,,,,,,,,
Taree,NSW,12,Tg Fab Con Manning Valley 8-15,2026-03-18T22:18:00+11:00,300m,5th Grade,3,Lipschitz,440580,Allan Woods,17.71,5563,FM,5,4: 1-0-1,6.68,,,,,,,,,,,,,,,,,,,,,,,,,,,,,,,,,,,,,,,,,,,,,,,,,,,,,,,,,,,,,,,,,,,,,,,,,,,,,,,,,,,,,,
Taree,NSW,12,Tg Fab Con Manning Valley 8-15,2026-03-18T22:18:00+11:00,300m,5th Grade,4,Chucky's Dream,434697,Beverley Sloan,17.63,7245,FR,5,11: 1-2-0,6.65,,,,,,,,,,,,,,,,,,,,,,,,,,,,,,,,,,,,,,,,,,,,,,,,,,,,,,,,,,,,,,,,,,,,,,,,,,,,,,,,,,,,,,
Taree,NSW,12,Tg Fab Con Manning Valley 8-15,2026-03-18T22:18:00+11:00,300m,5th Grade,5,Sugar Drop Baby,429931,Beverley Sloan,17.71,8178,FM,5,36: 2-7-8,6.62,,,,,,,,,,,,,,,,,,,,,,,,,,,,,,,,,,,,,,,,,,,,,,,,,,,,,,,,,,,,,,,,,,,,,,,,,,,,,,,,,,,,,,
Taree,NSW,12,Tg Fab Con Manning Valley 8-15,2026-03-18T22:18:00+11:00,300m,5th Grade,6,In The Darkness,425794,Beverley Sloan,18.00,6276,FR,5,8: 0-2-0,6.71,,,,,,,,,,,,,,,,,,,,,,,,,,,,,,,,,,,,,,,,,,,,,,,,,,,,,,,,,,,,,,,,,,,,,,,,,,,,,,,,,,,,,,
Taree,NSW,12,Tg Fab Con Manning Valley 8-15,2026-03-18T22:18:00+11:00,300m,5th Grade,7,Stitched Up Lucy,423629,Julie King,18.13,7873,FM,5,1: 0-0-1,6.77,,,,,,,,,,,,,,,,,,,,,,,,,,,,,,,,,,,,,,,,,,,,,,,,,,,,,,,,,,,,,,,,,,,,,,,,,,,,,,,,,,,,,,
Taree,NSW,12,Tg Fab Con Manning Valley 8-15,2026-03-18T22:18:00+11:00,300m,5th Grade,8,Floyd's Dream,435330,Tony Desira,18.05,5568,FR,5,5: 0-0-0,6.81,,,,,,,,,,,,,,,,,,,,,,,,,,,,,,,,,,,,,,,,,,,,,,,,,,,,,,,,,,,,,,,,,,,,,,,,,,,,,,,,,,,,,,
Richmond,NSW,6,Steeline Riverstone Masters Heat 1 H,2026-03-18T20:50:00+11:00,401m,M2/M3,1,Major Soko,421275,Troy Vella,23.07,2247,RR,M3,17: 2-1-3,7.01,,,,,,,,,,,,,,,,,,,,,,,,,,,,,,,,,,,,,,,,,,,,,,,,,,,,,,,,,,,,,,,,,,,,,,,,,,,,,,,,,,,,,,
Richmond,NSW,6,Steeline Riverstone Masters Heat 1 H,2026-03-18T20:50:00+11:00,401m,M2/M3,2,Midnight Star,420837,,22.81,5431,FR,M3,59: 7-9-13,6.90,,,,,,,,,,,,,,,,,,,,,,,,,,,,,,,,,,,,,,,,,,,,,,,,,,,,,,,,,,,,,,,,,,,,,,,,,,,,,,,,,,,,,,
Richmond,NSW,6,Steeline Riverstone Masters Heat 1 H,2026-03-18T20:50:00+11:00,401m,M2/M3,3,Kamari Girl,422560,Mark Swift,23.26,5761,FR,M3,15: 2-1-1,7.13,,,,,,,,,,,,,,,,,,,,,,,,,,,,,,,,,,,,,,,,,,,,,,,,,,,,,,,,,,,,,,,,,,,,,,,,,,,,,,,,,,,,,,
Richmond,NSW,6,Steeline Riverstone Masters Heat 1 H,2026-03-18T20:50:00+11:00,401m,M2/M3,4,Crafty Chap,421377,John Chapman,22.83,5335,FR,M3,31: 6-8-3,6.97,,,,,,,,,,,,,,,,,,,,,,,,,,,,,,,,,,,,,,,,,,,,,,,,,,,,,,,,,,,,,,,,,,,,,,,,,,,,,,,,,,,,,,
Richmond,NSW,6,Steeline Riverstone Masters Heat 1 H,2026-03-18T20:50:00+11:00,401m,M2/M3,5,Cheeky Sloy,425161,Bradley,22.86,6866,RM,M2,46: 4-6-13,6.81,,,,,,,,,,,,,,,,,,,,,,,,,,,,,,,,,,,,,,,,,,,,,,,,,,,,,,,,,,,,,,,,,,,,,,,,,,,,,,,,,,,,,,
Richmond,NSW,6,Steeline Riverstone Masters Heat 1 H,2026-03-18T20:50:00+11:00,401m,M2/M3,6,Imploding Mirage,423038,Victor Ellul,NBT,5234,FR,M3,0: 0-0-0,,,,,,,,,,,,,,,,,,,,,,,,,,,,,,,,,,,,,,,,,,,,,,,,,,,,,,,,,,,,,,,,,,,,,,,,,,,,,,,,,,,,,,,
Richmond,NSW,6,Steeline Riverstone Masters Heat 1 H,2026-03-18T20:50:00+11:00,401m,M2/M3,7,Soul Panoramic,426466,Troy Vella,23.06,4412,RR,M2,23: 1-2-2,7.01,,,,,,,,,,,,,,,,,,,,,,,,,,,,,,,,,,,,,,,,,,,,,,,,,,,,,,,,,,,,,,,,,,,,,,,,,,,,,,,,,,,,,,
Richmond,NSW,6,Steeline Riverstone Masters Heat 1 H,2026-03-18T20:50:00+11:00,401m,M2/M3,8,Despicable Goat,424030,Sarah Easey,NBT,1235,FR,M2,0: 0-0-0,,,,,,,,,,,,,,,,,,,,,,,,,,,,,,,,,,,,,,,,,,,,,,,,,,,,,,,,,,,,,,,,,,,,,,,,,,,,,,,,,,,,,,,
Richmond,NSW,7,Ladbrokes Blackbook Masters Ht 2 H,2026-03-18T21:10:00+11:00,401m,M2/M3,1,She's Our Joy,421805,Adam Wade,22.76,1852,FR,M3,16: 3-3-1,6.92,,,,,,,,,,,,,,,,,,,,,,,,,,,,,,,,,,,,,,,,,,,,,,,,,,,,,,,,,,,,,,,,,,,,,,,,,,,,,,,,,,,,,,
Richmond,NSW,7,Ladbrokes Blackbook Masters Ht 2 H,2026-03-18T21:10:00+11:00,401m,M2/M3,2,Fantasia Queen,421404,Mackayla Clarke,22.85,3325,FR,M2,18: 4-5-1,6.83,,,,,,,,,,,,,,,,,,,,,,,,,,,,,,,,,,,,,,,,,,,,,,,,,,,,,,,,,,,,,,,,,,,,,,,,,,,,,,,,,,,,,,
Richmond,NSW,7,Ladbrokes Blackbook Masters Ht 2 H,2026-03-18T21:10:00+11:00,401m,M2/M3,3,Extremely Potent,401282,Troy Vella,23.19,4684,FR,M2,4: 0-1-0,7.15,,,,,,,,,,,,,,,,,,,,,,,,,,,,,,,,,,,,,,,,,,,,,,,,,,,,,,,,,,,,,,,,,,,,,,,,,,,,,,,,,,,,,,
Richmond,NSW,7,Ladbrokes Blackbook Masters Ht 2 H,2026-03-18T21:10:00+11:00,401m,M2/M3,4,Open Road,425053,Mathew Wotton,23.00,5752,RR,M3,43: 3-7-5,6.91,,,,,,,,,,,,,,,,,,,,,,,,,,,,,,,,,,,,,,,,,,,,,,,,,,,,,,,,,,,,,,,,,,,,,,,,,,,,,,,,,,,,,,
Richmond,NSW,7,Ladbrokes Blackbook Masters Ht 2 H,2026-03-18T21:10:00+11:00,401m,M2/M3,6,Zipping Strop,401223,Melinda Finn,23.03,2323,RM,M3,4: 0-0-2,7.13,,,,,,,,,,,,,,,,,,,,,,,,,,,,,,,,,,,,,,,,,,,,,,,,,,,,,,,,,,,,,,,,,,,,,,,,,,,,,,,,,,,,,,
Richmond,NSW,7,Ladbrokes Blackbook Masters Ht 2 H,2026-03-18T21:10:00+11:00,401m,M2/M3,7,No More Trouble,420880,John Polidano,22.70,2312,FM,M2,15: 5-3-4,6.76,,,,,,,,,,,,,,,,,,,,,,,,,,,,,,,,,,,,,,,,,,,,,,,,,,,,,,,,,,,,,,,,,,,,,,,,,,,,,,,,,,,,,,
Richmond,NSW,7,Ladbrokes Blackbook Masters Ht 2 H,2026-03-18T21:10:00+11:00,401m,M2/M3,8,Sienna,420623,Danielle Swain,23.17,6624,FR,M3,23: 0-2-3,6.95,,,,,,,,,,,,,,,,,,,,,,,,,,,,,,,,,,,,,,,,,,,,,,,,,,,,,,,,,,,,,,,,,,,,,,,,,,,,,,,,,,,,,,
Richmond,NSW,7,Ladbrokes Blackbook Masters Ht 2 H,2026-03-18T21:10:00+11:00,401m,M2/M3,9,Zambora Fletch,335107,,23.33,4664,FR,M3,4: 0-0-0,7.09,,,,,,,,,,,,,,,,,,,,,,,,,,,,,,,,,,,,,,,,,,,,,,,,,,,,,,,,,,,,,,,,,,,,,,,,,,,,,,,,,,,,,,
Richmond,NSW,8,T &amp; C Plumbing Services,2026-03-18T21:30:00+11:00,320m,Free For All,1,Bugatti Rico,433464,,18.23,4151,FR,4,6: 1-0-1,2.25,,,,,,,,,,,,,,,,,,,,,,,,,,,,,,,,,,,,,,,,,,,,,,,,,,,,,,,,,,,,,,,,,,,,,,,,,,,,,,,,,,,,,,
Richmond,NSW,8,T &amp; C Plumbing Services,2026-03-18T21:30:00+11:00,320m,Free For All,2,Maybe Next Week,437455,Melinda Finn,17.97,3343,FM,FFA,15: 6-2-5,2.23,,,,,,,,,,,,,,,,,,,,,,,,,,,,,,,,,,,,,,,,,,,,,,,,,,,,,,,,,,,,,,,,,,,,,,,,,,,,,,,,,,,,,,
Richmond,NSW,8,T &amp; C Plumbing Services,2026-03-18T21:30:00+11:00,320m,Free For All,3,Stephen Witherap,436721,Joanne Zammit,17.91,2115,FR,FFA,30: 16-7-1,2.19,,,,,,,,,,,,,,,,,,,,,,,,,,,,,,,,,,,,,,,,,,,,,,,,,,,,,,,,,,,,,,,,,,,,,,,,,,,,,,,,,,,,,,
Richmond,NSW,8,T &amp; C Plumbing Services,2026-03-18T21:30:00+11:00,320m,Free For All,4,Nirmada,427402,Bradley,18.20,8617,FR,4,15: 4-2-3,2.20,,,,,,,,,,,,,,,,,,,,,,,,,,,,,,,,,,,,,,,,,,,,,,,,,,,,,,,,,,,,,,,,,,,,,,,,,,,,,,,,,,,,,,
Richmond,NSW,8,T &amp; C Plumbing Services,2026-03-18T21:30:00+11:00,320m,Free For All,5,Sammy My Boy,421405,Therese Simmons,18.15,4151,FM,3,15: 5-3-0,2.23,,,,,,,,,,,,,,,,,,,,,,,,,,,,,,,,,,,,,,,,,,,,,,,,,,,,,,,,,,,,,,,,,,,,,,,,,,,,,,,,,,,,,,
Richmond,NSW,8,T &amp; C Plumbing Services,2026-03-18T21:30:00+11:00,320m,Free For All,6,Cheeky Cheeky,422559,Anthony Messina,18.00,5864,RR,4,35: 12-4-3,2.22,,,,,,,,,,,,,,,,,,,,,,,,,,,,,,,,,,,,,,,,,,,,,,,,,,,,,,,,,,,,,,,,,,,,,,,,,,,,,,,,,,,,,,
Richmond,NSW,8,T &amp; C Plumbing Services,2026-03-18T21:30:00+11:00,320m,Free For All,7,Grid Girl,432648,Ben Izzard,18.09,2341,FR,2,31: 12-8-4,2.17,,,,,,,,,,,,,,,,,,,,,,,,,,,,,,,,,,,,,,,,,,,,,,,,,,,,,,,,,,,,,,,,,,,,,,,,,,,,,,,,,,,,,,
Richmond,NSW,8,T &amp; C Plumbing Services,2026-03-18T21:30:00+11:00,320m,Free For All,8,Near Impossible,434493,Kerry Drynan,18.21,1322,FM,2,34: 8-5-8,2.20,,,,,,,,,,,,,,,,,,,,,,,,,,,,,,,,,,,,,,,,,,,,,,,,,,,,,,,,,,,,,,,,,,,,,,,,,,,,,,,,,,,,,,
Richmond,NSW,9,Poolwerx Richmond-kurrajong,2026-03-18T21:53:00+11:00,520m,4th/5th Grade,1,Spring Witness,435826,Gregory Board,30.07,2373,FR,5,1: 0-0-1,4.52,,,,,,,,,,,,,,,,,,,,,,,,,,,,,,,,,,,,,,,,,,,,,,,,,,,,,,,,,,,,,,,,,,,,,,,,,,,,,,,,,,,,,,
Richmond,NSW,9,Poolwerx Richmond-kurrajong,2026-03-18T21:53:00+11:00,520m,4th/5th Grade,2,Winsome Storm,438021,Melinda Finn,29.68,4325,FS,5,7: 3-0-2,4.52,,,,,,,,,,,,,,,,,,,,,,,,,,,,,,,,,,,,,,,,,,,,,,,,,,,,,,,,,,,,,,,,,,,,,,,,,,,,,,,,,,,,,,
Richmond,NSW,9,Poolwerx Richmond-kurrajong,2026-03-18T21:53:00+11:00,520m,4th/5th Grade,3,Big Town Tilly,427401,George Tyrpenou,29.96,1166,FR,4,5: 1-0-3,4.36,,,,,,,,,,,,,,,,,,,,,,,,,,,,,,,,,,,,,,,,,,,,,,,,,,,,,,,,,,,,,,,,,,,,,,,,,,,,,,,,,,,,,,
Richmond,NSW,9,Poolwerx Richmond-kurrajong,2026-03-18T21:53:00+11:00,520m,4th/5th Grade,4,Valley Cash,431254,Phillip Cini,29.86,6235,FM,5,2: 0-1-0,4.29,,,,,,,,,,,,,,,,,,,,,,,,,,,,,,,,,,,,,,,,,,,,,,,,,,,,,,,,,,,,,,,,,,,,,,,,,,,,,,,,,,,,,,
Richmond,NSW,9,Poolwerx Richmond-kurrajong,2026-03-18T21:53:00+11:00,520m,4th/5th Grade,6,Winsome Rambo,438020,Melinda Finn,29.48,7227,FM,5,5: 1-3-0,4.34,,,,,,,,,,,,,,,,,,,,,,,,,,,,,,,,,,,,,,,,,,,,,,,,,,,,,,,,,,,,,,,,,,,,,,,,,,,,,,,,,,,,,,
Richmond,NSW,9,Poolwerx Richmond-kurrajong,2026-03-18T21:53:00+11:00,520m,4th/5th Grade,7,Pink Panama,422394,John Callaughan,29.99,5456,FR,5,13: 2-0-2,4.57,,,,,,,,,,,,,,,,,,,,,,,,,,,,,,,,,,,,,,,,,,,,,,,,,,,,,,,,,,,,,,,,,,,,,,,,,,,,,,,,,,,,,,
Richmond,NSW,9,Poolwerx Richmond-kurrajong,2026-03-18T21:53:00+11:00,520m,4th/5th Grade,8,Our Inspiration,424732,Anthony Messina,29.88,6121,RM,5,17: 1-0-1,4.46,,,,,,,,,,,,,,,,,,,,,,,,,,,,,,,,,,,,,,,,,,,,,,,,,,,,,,,,,,,,,,,,,,,,,,,,,,,,,,,,,,,,,,
Richmond,NSW,10,Greyhound Products Direct,2026-03-18T22:14:00+11:00,401m,4th/5th Grade,2,Mark To Market,428813,Christine Proctor,22.59,8144,FM,5,8: 3-0-1,6.83,,,,,,,,,,,,,,,,,,,,,,,,,,,,,,,,,,,,,,,,,,,,,,,,,,,,,,,,,,,,,,,,,,,,,,,,,,,,,,,,,,,,,,
Richmond,NSW,10,Greyhound Products Direct,2026-03-18T22:14:00+11:00,401m,4th/5th Grade,3,Zipping Admiral,436678,Courtney Barnes,22.96,7212,FM,4,3: 0-2-0,6.84,,,,,,,,,,,,,,,,,,,,,,,,,,,,,,,,,,,,,,,,,,,,,,,,,,,,,,,,,,,,,,,,,,,,,,,,,,,,,,,,,,,,,,
Richmond,NSW,10,Greyhound Products Direct,2026-03-18T22:14:00+11:00,401m,4th/5th Grade,4,Fear To Excel,437783,Allen Williams,22.58,1424,FM,5,3: 1-1-0,6.88,,,,,,,,,,,,,,,,,,,,,,,,,,,,,,,,,,,,,,,,,,,,,,,,,,,,,,,,,,,,,,,,,,,,,,,,,,,,,,,,,,,,,,
Richmond,NSW,10,Greyhound Products Direct,2026-03-18T22:14:00+11:00,401m,4th/5th Grade,6,Layla's Lilly,435051,Bradley,22.90,2562,FM,5,23: 2-3-1,6.95,,,,,,,,,,,,,,,,,,,,,,,,,,,,,,,,,,,,,,,,,,,,,,,,,,,,,,,,,,,,,,,,,,,,,,,,,,,,,,,,,,,,,,
Richmond,NSW,10,Greyhound Products Direct,2026-03-18T22:14:00+11:00,401m,4th/5th Grade,7,Zipping Balboa,435281,Courtney Barnes,22.61,5753,FM,5,8: 3-1-0,6.98,,,,,,,,,,,,,,,,,,,,,,,,,,,,,,,,,,,,,,,,,,,,,,,,,,,,,,,,,,,,,,,,,,,,,,,,,,,,,,,,,,,,,,
Richmond,NSW,10,Greyhound Products Direct,2026-03-18T22:14:00+11:00,401m,4th/5th Grade,8,Go Forward Rocky,425882,Adam Campton,22.63,3443,FM,4,20: 4-5-5,6.83,,,,,,,,,,,,,,,,,,,,,,,,,,,,,,,,,,,,,,,,,,,,,,,,,,,,,,,,,,,,,,,,,,,,,,,,,,,,,,,,,,,,,,
Richmond,NSW,10,Greyhound Products Direct,2026-03-18T22:14:00+11:00,401m,4th/5th Grade,9,New Surprise,435795,Leonardus Vanderburg,22.84,1456,FM,5,12: 2-1-2,6.96,,,,,,,,,,,,,,,,,,,,,,,,,,,,,,,,,,,,,,,,,,,,,,,,,,,,,,,,,,,,,,,,,,,,,,,,,,,,,,,,,,,,,,
Richmond,NSW,10,Greyhound Products Direct,2026-03-18T22:14:00+11:00,401m,4th/5th Grade,10,Not Definite,427203,Leonard Polidano,22.85,1637,FR,5,16: 3-3-3,6.97,,,,,,,,,,,,,,,,,,,,,,,,,,,,,,,,,,,,,,,,,,,,,,,,,,,,,,,,,,,,,,,,,,,,,,,,,,,,,,,,,,,,,,
Richmond,NSW,11,gapnsw.com.au,2026-03-18T22:30:00+11:00,401m,5th Grade,1,Spring Dazzler,435028,Gregory Board,NBT,7621,FR,5,0: 0-0-0,,,,,,,,,,,,,,,,,,,,,,,,,,,,,,,,,,,,,,,,,,,,,,,,,,,,,,,,,,,,,,,,,,,,,,,,,,,,,,,,,,,,,,,
Richmond,NSW,11,gapnsw.com.au,2026-03-18T22:30:00+11:00,401m,5th Grade,2,Go Forward Kenny,440481,Adam Campton,23.44,7162,FM,5,3: 0-0-0,7.16,,,,,,,,,,,,,,,,,,,,,,,,,,,,,,,,,,,,,,,,,,,,,,,,,,,,,,,,,,,,,,,,,,,,,,,,,,,,,,,,,,,,,,
Richmond,NSW,11,gapnsw.com.au,2026-03-18T22:30:00+11:00,401m,5th Grade,3,True Request,438805,Sam Simonetta,23.13,2861,FM,5,3: 1-0-0,7.03,,,,,,,,,,,,,,,,,,,,,,,,,,,,,,,,,,,,,,,,,,,,,,,,,,,,,,,,,,,,,,,,,,,,,,,,,,,,,,,,,,,,,,
Richmond,NSW,11,gapnsw.com.au,2026-03-18T22:30:00+11:00,401m,5th Grade,4,Ray's Beauty,439589,Kenneth Gorry,NBT,1132,FM,5,0: 0-0-0,,,,,,,,,,,,,,,,,,,,,,,,,,,,,,,,,,,,,,,,,,,,,,,,,,,,,,,,,,,,,,,,,,,,,,,,,,,,,,,,,,,,,,,
Richmond,NSW,11,gapnsw.com.au,2026-03-18T22:30:00+11:00,401m,5th Grade,5,Blue Franky,440404,John Chapman,23.22,5231,FR,5,1: 1-0-0,7.00,,,,,,,,,,,,,,,,,,,,,,,,,,,,,,,,,,,,,,,,,,,,,,,,,,,,,,,,,,,,,,,,,,,,,,,,,,,,,,,,,,,,,,
Richmond,NSW,11,gapnsw.com.au,2026-03-18T22:30:00+11:00,401m,5th Grade,6,Mister Anatoly,440845,Deanne Tull,23.04,4122,FR,5,3: 0-1-0,6.91,,,,,,,,,,,,,,,,,,,,,,,,,,,,,,,,,,,,,,,,,,,,,,,,,,,,,,,,,,,,,,,,,,,,,,,,,,,,,,,,,,,,,,
Richmond,NSW,11,gapnsw.com.au,2026-03-18T22:30:00+11:00,401m,5th Grade,7,Touch Of Venom,430593,Gregory Sutherland,23.07,6623,RM,5,8: 0-0-1,7.01,,,,,,,,,,,,,,,,,,,,,,,,,,,,,,,,,,,,,,,,,,,,,,,,,,,,,,,,,,,,,,,,,,,,,,,,,,,,,,,,,,,,,,
Richmond,NSW,11,gapnsw.com.au,2026-03-18T22:30:00+11:00,401m,5th Grade,8,Gravel Dust,439195,Joanne Zammit,NBT,5651,FM,5,0: 0-0-0,,,,,,,,,,,,,,,,,,,,,,,,,,,,,,,,,,,,,,,,,,,,,,,,,,,,,,,,,,,,,,,,,,,,,,,,,,,,,,,,,,,,,,,
Richmond,NSW,12,The Lids Fly Hosted Pots,2026-03-18T22:50:00+11:00,320m,4th/5th Grade,1,Sneaky Jade,438479,Nick Kilner,18.05,4122,FR,4,12: 7-2-1,2.22,,,,,,,,,,,,,,,,,,,,,,,,,,,,,,,,,,,,,,,,,,,,,,,,,,,,,,,,,,,,,,,,,,,,,,,,,,,,,,,,,,,,,,
Richmond,NSW,12,The Lids Fly Hosted Pots,2026-03-18T22:50:00+11:00,320m,4th/5th Grade,2,Spencer Fury,433550,Shaun Flaherty,18.33,2621,RR,4,5: 2-2-0,2.24,,,,,,,,,,,,,,,,,,,,,,,,,,,,,,,,,,,,,,,,,,,,,,,,,,,,,,,,,,,,,,,,,,,,,,,,,,,,,,,,,,,,,,
Richmond,NSW,12,The Lids Fly Hosted Pots,2026-03-18T22:50:00+11:00,320m,4th/5th Grade,3,Supreme Lady,435586,Leonardus Vanderburg,17.98,4513,FM,4,11: 5-0-1,2.22,,,,,,,,,,,,,,,,,,,,,,,,,,,,,,,,,,,,,,,,,,,,,,,,,,,,,,,,,,,,,,,,,,,,,,,,,,,,,,,,,,,,,,
Richmond,NSW,12,The Lids Fly Hosted Pots,2026-03-18T22:50:00+11:00,320m,4th/5th Grade,4,Shy Sheena,425753,Alan Proctor,18.27,1246,FR,5,88: 7-15-12,2.19,,,,,,,,,,,,,,,,,,,,,,,,,,,,,,,,,,,,,,,,,,,,,,,,,,,,,,,,,,,,,,,,,,,,,,,,,,,,,,,,,,,,,,
Richmond,NSW,12,The Lids Fly Hosted Pots,2026-03-18T22:50:00+11:00,320m,4th/5th Grade,5,Slick Tease,436095,Wayne Carr,18.19,3441,FR,5,10: 3-2-1,2.24,,,,,,,,,,,,,,,,,,,,,,,,,,,,,,,,,,,,,,,,,,,,,,,,,,,,,,,,,,,,,,,,,,,,,,,,,,,,,,,,,,,,,,
Richmond,NSW,12,The Lids Fly Hosted Pots,2026-03-18T22:50:00+11:00,320m,4th/5th Grade,6,Reborn Spark,437541,Anthony Orley,18.22,5321,FM,4,16: 3-5-3,2.20,,,,,,,,,,,,,,,,,,,,,,,,,,,,,,,,,,,,,,,,,,,,,,,,,,,,,,,,,,,,,,,,,,,,,,,,,,,,,,,,,,,,,,
Richmond,NSW,12,The Lids Fly Hosted Pots,2026-03-18T22:50:00+11:00,320m,4th/5th Grade,7,Cochise Squaw,430664,Bradley,18.10,3374,FR,5,51: 9-3-11,2.24,,,,,,,,,,,,,,,,,,,,,,,,,,,,,,,,,,,,,,,,,,,,,,,,,,,,,,,,,,,,,,,,,,,,,,,,,,,,,,,,,,,,,,
Richmond,NSW,12,The Lids Fly Hosted Pots,2026-03-18T22:50:00+11:00,320m,4th/5th Grade,8,Lucia Power,424633,John Polidano,18.38,212F,FR,4,15: 3-4-1,2.16,,,,,,,,,,,,,,,,,,,,,,,,,,,,,,,,,,,,,,,,,,,,,,,,,,,,,,,,,,,,,,,,,,,,,,,,,,,,,,,,,,,,,,
Ballarat,VIC,8,Alsop and Co Catering,2026-03-18T20:53:00+11:00,450m,Mixed 4/5,1,Lektra Skip,434489,Philip Lenehan,NBT,5343,,5,0: 0-0-0,,,,,,,,,,,,,,,,,,,,,,,,,,,,,,,,,,,,,,,,,,,,,,,,,,,,,,,,,,,,,,,,,,,,,,,,,,,,,,,,,,,,,,,
Ballarat,VIC,8,Alsop and Co Catering,2026-03-18T20:53:00+11:00,450m,Mixed 4/5,3,Paw Ultra,430782,Correy Grenfell,25.55,8313,,4,1: 0-0-0,6.54,,,,,,,,,,,,,,,,,,,,,,,,,,,,,,,,,,,,,,,,,,,,,,,,,,,,,,,,,,,,,,,,,,,,,,,,,,,,,,,,,,,,,,
Ballarat,VIC,8,Alsop and Co Catering,2026-03-18T20:53:00+11:00,450m,Mixed 4/5,5,Blanket Game,437375,Peter Inguanti,25.33,6165,,5,3: 2-0-0,6.65,,,,,,,,,,,,,,,,,,,,,,,,,,,,,,,,,,,,,,,,,,,,,,,,,,,,,,,,,,,,,,,,,,,,,,,,,,,,,,,,,,,,,,
Ballarat,VIC,8,Alsop and Co Catering,2026-03-18T20:53:00+11:00,450m,Mixed 4/5,7,Hunterview Lad,432580,David Geall,25.46,4343,,4,4: 1-0-0,6.63,,,,,,,,,,,,,,,,,,,,,,,,,,,,,,,,,,,,,,,,,,,,,,,,,,,,,,,,,,,,,,,,,,,,,,,,,,,,,,,,,,,,,,
Ballarat,VIC,8,Alsop and Co Catering,2026-03-18T20:53:00+11:00,450m,Mixed 4/5,8,Still Believe,439308,Tracey Deglaitis,26.02,5112,,5,2: 0-0-0,6.86,,,,,,,,,,,,,,,,,,,,,,,,,,,,,,,,,,,,,,,,,,,,,,,,,,,,,,,,,,,,,,,,,,,,,,,,,,,,,,,,,,,,,,
Ballarat,VIC,9,Happy Horse Produce,2026-03-18T21:13:00+11:00,390m,Mixed 3/4,1,Paw Roxy,430400,Mark Delbridge,21.85,4825,,4,8: 1-4-0,8.52,,,,,,,,,,,,,,,,,,,,,,,,,,,,,,,,,,,,,,,,,,,,,,,,,,,,,,,,,,,,,,,,,,,,,,,,,,,,,,,,,,,,,,
Ballarat,VIC,9,Happy Horse Produce,2026-03-18T21:13:00+11:00,390m,Mixed 3/4,2,Paw Estrella,436730,Luke Harris,22.04,1131,,3,11: 3-2-2,8.51,,,,,,,,,,,,,,,,,,,,,,,,,,,,,,,,,,,,,,,,,,,,,,,,,,,,,,,,,,,,,,,,,,,,,,,,,,,,,,,,,,,,,,
Ballarat,VIC,9,Happy Horse Produce,2026-03-18T21:13:00+11:00,390m,Mixed 3/4,3,Lilly Zoom,437656,Michelle Mallia,21.88,2322,,4,10: 3-4-3,8.35,,,,,,,,,,,,,,,,,,,,,,,,,,,,,,,,,,,,,,,,,,,,,,,,,,,,,,,,,,,,,,,,,,,,,,,,,,,,,,,,,,,,,,
Ballarat,VIC,9,Happy Horse Produce,2026-03-18T21:13:00+11:00,390m,Mixed 3/4,4,Willow's Girl,439550,Debbie Goudge,21.89,7525,,4,6: 4-0-0,8.53,,,,,,,,,,,,,,,,,,,,,,,,,,,,,,,,,,,,,,,,,,,,,,,,,,,,,,,,,,,,,,,,,,,,,,,,,,,,,,,,,,,,,,
Ballarat,VIC,9,Happy Horse Produce,2026-03-18T21:13:00+11:00,390m,Mixed 3/4,5,Better Banjo,421627,Manuel Valcarcel Fuentes,22.02,6152,,3,8: 3-2-0,8.34,,,,,,,,,,,,,,,,,,,,,,,,,,,,,,,,,,,,,,,,,,,,,,,,,,,,,,,,,,,,,,,,,,,,,,,,,,,,,,,,,,,,,,
Ballarat,VIC,9,Happy Horse Produce,2026-03-18T21:13:00+11:00,390m,Mixed 3/4,6,Flying Currency,426021,Kim Erenshaw,22.21,2211,,4,1: 1-0-0,8.40,,,,,,,,,,,,,,,,,,,,,,,,,,,,,,,,,,,,,,,,,,,,,,,,,,,,,,,,,,,,,,,,,,,,,,,,,,,,,,,,,,,,,,
Ballarat,VIC,9,Happy Horse Produce,2026-03-18T21:13:00+11:00,390m,Mixed 3/4,7,Lektra Princess,435808,Sharon Bradley,22.02,2212,,4,4: 1-1-0,8.47,,,,,,,,,,,,,,,,,,,,,,,,,,,,,,,,,,,,,,,,,,,,,,,,,,,,,,,,,,,,,,,,,,,,,,,,,,,,,,,,,,,,,,
Ballarat,VIC,9,Happy Horse Produce,2026-03-18T21:13:00+11:00,390m,Mixed 3/4,8,Paw Judd,430797,Luke Harris,22.47,5275,,4,6: 1-1-1,8.61,,,,,,,,,,,,,,,,,,,,,,,,,,,,,,,,,,,,,,,,,,,,,,,,,,,,,,,,,,,,,,,,,,,,,,,,,,,,,,,,,,,,,,
Ballarat,VIC,10,Greyhound Clubs Victoria,2026-03-18T21:33:00+11:00,390m,Grade 5,1,Key Begonia,435399,Donna Knight,22.66,5525,,5,6: 0-0-1,8.87,,,,,,,,,,,,,,,,,,,,,,,,,,,,,,,,,,,,,,,,,,,,,,,,,,,,,,,,,,,,,,,,,,,,,,,,,,,,,,,,,,,,,,
Ballarat,VIC,10,Greyhound Clubs Victoria,2026-03-18T21:33:00+11:00,390m,Grade 5,2,Paw Nelly,439427,Mark Delbridge,22.23,3464,,5,4: 2-1-0,8.60,,,,,,,,,,,,,,,,,,,,,,,,,,,,,,,,,,,,,,,,,,,,,,,,,,,,,,,,,,,,,,,,,,,,,,,,,,,,,,,,,,,,,,
Ballarat,VIC,10,Greyhound Clubs Victoria,2026-03-18T21:33:00+11:00,390m,Grade 5,4,Mauritian Lucas,432177,Shane Jackson,22.38,1522,,5,19: 4-6-2,8.62,,,,,,,,,,,,,,,,,,,,,,,,,,,,,,,,,,,,,,,,,,,,,,,,,,,,,,,,,,,,,,,,,,,,,,,,,,,,,,,,,,,,,,
Ballarat,VIC,10,Greyhound Clubs Victoria,2026-03-18T21:33:00+11:00,390m,Grade 5,5,Aston Chant,436807,Mark Mcclelland,NBT,5612,,5,0: 0-0-0,,,,,,,,,,,,,,,,,,,,,,,,,,,,,,,,,,,,,,,,,,,,,,,,,,,,,,,,,,,,,,,,,,,,,,,,,,,,,,,,,,,,,,,
Ballarat,VIC,10,Greyhound Clubs Victoria,2026-03-18T21:33:00+11:00,390m,Grade 5,6,Squeegee's Ride,430741,Shane Jackson,22.43,5254,,5,22: 2-5-5,8.64,,,,,,,,,,,,,,,,,,,,,,,,,,,,,,,,,,,,,,,,,,,,,,,,,,,,,,,,,,,,,,,,,,,,,,,,,,,,,,,,,,,,,,
Ballarat,VIC,10,Greyhound Clubs Victoria,2026-03-18T21:33:00+11:00,390m,Grade 5,7,Super Seafarer,433409,,22.34,1456,,5,9: 0-2-2,8.77,,,,,,,,,,,,,,,,,,,,,,,,,,,,,,,,,,,,,,,,,,,,,,,,,,,,,,,,,,,,,,,,,,,,,,,,,,,,,,,,,,,,,,
Ballarat,VIC,10,Greyhound Clubs Victoria,2026-03-18T21:33:00+11:00,390m,Grade 5,8,Phoenix Red,436746,Catherine,22.17,4715,,5,10: 3-1-2,8.71,,,,,,,,,,,,,,,,,,,,,,,,,,,,,,,,,,,,,,,,,,,,,,,,,,,,,,,,,,,,,,,,,,,,,,,,,,,,,,,,,,,,,,
Ballarat,VIC,11,Sportsbet Fast Form,2026-03-18T21:56:00+11:00,390m,Grade 5,2,Moyarra Kongk,435513,Steven Waycott,22.39,1413,,5,1: 0-0-0,8.97,,,,,,,,,,,,,,,,,,,,,,,,,,,,,,,,,,,,,,,,,,,,,,,,,,,,,,,,,,,,,,,,,,,,,,,,,,,,,,,,,,,,,,
Ballarat,VIC,11,Sportsbet Fast Form,2026-03-18T21:56:00+11:00,390m,Grade 5,3,Slick Ivan,437533,David Geall,21.89,1242,,5,3: 0-2-0,8.41,,,,,,,,,,,,,,,,,,,,,,,,,,,,,,,,,,,,,,,,,,,,,,,,,,,,,,,,,,,,,,,,,,,,,,,,,,,,,,,,,,,,,,
Ballarat,VIC,11,Sportsbet Fast Form,2026-03-18T21:56:00+11:00,390m,Grade 5,4,Come And See,429709,Ebony Deglaitis,21.91,3123,,5,6: 0-3-2,8.41,,,,,,,,,,,,,,,,,,,,,,,,,,,,,,,,,,,,,,,,,,,,,,,,,,,,,,,,,,,,,,,,,,,,,,,,,,,,,,,,,,,,,,
Ballarat,VIC,11,Sportsbet Fast Form,2026-03-18T21:56:00+11:00,390m,Grade 5,5,Simply Ned,435373,Sandra Waycott,22.48,8375,,5,2: 0-0-0,8.58,,,,,,,,,,,,,,,,,,,,,,,,,,,,,,,,,,,,,,,,,,,,,,,,,,,,,,,,,,,,,,,,,,,,,,,,,,,,,,,,,,,,,,
Ballarat,VIC,11,Sportsbet Fast Form,2026-03-18T21:56:00+11:00,390m,Grade 5,6,Lochinvar Cosmo,430100,Jack Osborne,NBT,2111,,5,0: 0-0-0,,,,,,,,,,,,,,,,,,,,,,,,,,,,,,,,,,,,,,,,,,,,,,,,,,,,,,,,,,,,,,,,,,,,,,,,,,,,,,,,,,,,,,,
Ballarat,VIC,11,Sportsbet Fast Form,2026-03-18T21:56:00+11:00,390m,Grade 5,8,Misclassified,433847,Aaron Debattista,NBT,6124,,5,0: 0-0-0,,,,,,,,,,,,,,,,,,,,,,,,,,,,,,,,,,,,,,,,,,,,,,,,,,,,,,,,,,,,,,,,,,,,,,,,,,,,,,,,,,,,,,,
Ballarat,VIC,12,Two More Races to Go,2026-03-18T22:17:00+11:00,390m,Grade 5,1,Lektra Bills,434178,Sharon Bradley,22.22,7172,,5,2: 0-0-0,8.63,,,,,,,,,,,,,,,,,,,,,,,,,,,,,,,,,,,,,,,,,,,,,,,,,,,,,,,,,,,,,,,,,,,,,,,,,,,,,,,,,,,,,,
Ballarat,VIC,12,Two More Races to Go,2026-03-18T22:17:00+11:00,390m,Grade 5,2,Aston Warrior,425485,Bruno Panetta,22.02,3166,,5,46: 10-6-9,8.47,,,,,,,,,,,,,,,,,,,,,,,,,,,,,,,,,,,,,,,,,,,,,,,,,,,,,,,,,,,,,,,,,,,,,,,,,,,,,,,,,,,,,,
Ballarat,VIC,12,Two More Races to Go,2026-03-18T22:17:00+11:00,390m,Grade 5,3,Paw Kenneth,440083,Correy Grenfell,22.54,1177,,5,3: 1-0-0,8.68,,,,,,,,,,,,,,,,,,,,,,,,,,,,,,,,,,,,,,,,,,,,,,,,,,,,,,,,,,,,,,,,,,,,,,,,,,,,,,,,,,,,,,
Ballarat,VIC,12,Two More Races to Go,2026-03-18T22:17:00+11:00,390m,Grade 5,4,Aston Monarchy,425297,Ann Panetta,22.12,4163,,5,41: 8-6-7,8.46,,,,,,,,,,,,,,,,,,,,,,,,,,,,,,,,,,,,,,,,,,,,,,,,,,,,,,,,,,,,,,,,,,,,,,,,,,,,,,,,,,,,,,
Ballarat,VIC,12,Two More Races to Go,2026-03-18T22:17:00+11:00,390m,Grade 5,5,Energiser Dash,437064,Scott Millard,22.72,1376,,5,5: 0-2-1,8.76,,,,,,,,,,,,,,,,,,,,,,,,,,,,,,,,,,,,,,,,,,,,,,,,,,,,,,,,,,,,,,,,,,,,,,,,,,,,,,,,,,,,,,
Ballarat,VIC,12,Two More Races to Go,2026-03-18T22:17:00+11:00,390m,Grade 5,6,Paw Palmer,440133,Correy Grenfell,22.77,4115,,5,2: 0-0-0,8.65,,,,,,,,,,,,,,,,,,,,,,,,,,,,,,,,,,,,,,,,,,,,,,,,,,,,,,,,,,,,,,,,,,,,,,,,,,,,,,,,,,,,,,
Ballarat,VIC,12,Two More Races to Go,2026-03-18T22:17:00+11:00,390m,Grade 5,7,Fancy Faye,439073,Chloe Dew,22.52,5132,,5,3: 0-1-1,8.63,,,,,,,,,,,,,,,,,,,,,,,,,,,,,,,,,,,,,,,,,,,,,,,,,,,,,,,,,,,,,,,,,,,,,,,,,,,,,,,,,,,,,,
Ballarat,VIC,12,Two More Races to Go,2026-03-18T22:17:00+11:00,390m,Grade 5,8,Collective Kaos,439260,Catherine,22.17,3123,,5,5: 1-3-1,8.49,,,,,,,,,,,,,,,,,,,,,,,,,,,,,,,,,,,,,,,,,,,,,,,,,,,,,,,,,,,,,,,,,,,,,,,,,,,,,,,,,,,,,,
Ballarat,VIC,13,Ballarat Race 13,2026-03-18T22:37:00+11:00,390m,Grade 5,1,Bragging Rights,439087,Mark,22.22,1565,,5,2: 0-0-0,8.51,,,,,,,,,,,,,,,,,,,,,,,,,,,,,,,,,,,,,,,,,,,,,,,,,,,,,,,,,,,,,,,,,,,,,,,,,,,,,,,,,,,,,,
Ballarat,VIC,13,Ballarat Race 13,2026-03-18T22:37:00+11:00,390m,Grade 5,2,Paw Qwerty,440671,Samantha Grenfell,NBT,5411,,5,0: 0-0-0,,,,,,,,,,,,,,,,,,,,,,,,,,,,,,,,,,,,,,,,,,,,,,,,,,,,,,,,,,,,,,,,,,,,,,,,,,,,,,,,,,,,,,,
Ballarat,VIC,13,Ballarat Race 13,2026-03-18T22:37:00+11:00,390m,Grade 5,3,Sumo Smash,431774,Donna Pace,22.07,4534,,5,17: 3-1-3,8.64,,,,,,,,,,,,,,,,,,,,,,,,,,,,,,,,,,,,,,,,,,,,,,,,,,,,,,,,,,,,,,,,,,,,,,,,,,,,,,,,,,,,,,
Ballarat,VIC,13,Ballarat Race 13,2026-03-18T22:37:00+11:00,390m,Grade 5,4,Vinny Dewalt,272753,Alfred King,22.32,4713,,5,48: 6-6-6,8.65,,,,,,,,,,,,,,,,,,,,,,,,,,,,,,,,,,,,,,,,,,,,,,,,,,,,,,,,,,,,,,,,,,,,,,,,,,,,,,,,,,,,,,
Ballarat,VIC,13,Ballarat Race 13,2026-03-18T22:37:00+11:00,390m,Grade 5,5,Higher Force,427681,Alfred Debattista,22.19,6647,,5,4: 0-0-0,8.52,,,,,,,,,,,,,,,,,,,,,,,,,,,,,,,,,,,,,,,,,,,,,,,,,,,,,,,,,,,,,,,,,,,,,,,,,,,,,,,,,,,,,,
Ballarat,VIC,13,Ballarat Race 13,2026-03-18T22:37:00+11:00,390m,Grade 5,6,Paw Callie,434885,Mark Delbridge,22.20,6626,,5,4: 1-0-2,8.59,,,,,,,,,,,,,,,,,,,,,,,,,,,,,,,,,,,,,,,,,,,,,,,,,,,,,,,,,,,,,,,,,,,,,,,,,,,,,,,,,,,,,,
Ballarat,VIC,13,Ballarat Race 13,2026-03-18T22:37:00+11:00,390m,Grade 5,8,Paw Yaz,436703,Luke Harris,22.38,5373,,5,4: 0-1-0,8.62,,,,,,,,,,,,,,,,,,,,,,,,,,,,,,,,,,,,,,,,,,,,,,,,,,,,,,,,,,,,,,,,,,,,,,,,,,,,,,,,,,,,,,
Ballarat,VIC,14,Ballarat Race 14,2026-03-18T22:53:00+11:00,390m,Grade 5,1,Lucy School,439667,Colin Brennan,22.12,1844,,5,4: 2-0-0,8.48,,,,,,,,,,,,,,,,,,,,,,,,,,,,,,,,,,,,,,,,,,,,,,,,,,,,,,,,,,,,,,,,,,,,,,,,,,,,,,,,,,,,,,
Ballarat,VIC,14,Ballarat Race 14,2026-03-18T22:53:00+11:00,390m,Grade 5,2,Dinosaur,427297,Chloe Dew,22.46,5733,,5,11: 0-1-2,8.76,,,,,,,,,,,,,,,,,,,,,,,,,,,,,,,,,,,,,,,,,,,,,,,,,,,,,,,,,,,,,,,,,,,,,,,,,,,,,,,,,,,,,,
Ballarat,VIC,14,Ballarat Race 14,2026-03-18T22:53:00+11:00,390m,Grade 5,3,Kate's Rift,433728,Amy Pickering,22.15,4741,,5,13: 2-2-2,8.79,,,,,,,,,,,,,,,,,,,,,,,,,,,,,,,,,,,,,,,,,,,,,,,,,,,,,,,,,,,,,,,,,,,,,,,,,,,,,,,,,,,,,,
Ballarat,VIC,14,Ballarat Race 14,2026-03-18T22:53:00+11:00,390m,Grade 5,4,Paw Amaran,436732,Nikita  Harris,22.30,4711,,5,13: 2-2-3,8.62,,,,,,,,,,,,,,,,,,,,,,,,,,,,,,,,,,,,,,,,,,,,,,,,,,,,,,,,,,,,,,,,,,,,,,,,,,,,,,,,,,,,,,
Ballarat,VIC,14,Ballarat Race 14,2026-03-18T22:53:00+11:00,390m,Grade 5,5,Call It Fate,437105,Shane Jackson,22.44,7772,,5,10: 1-1-1,8.76,,,,,,,,,,,,,,,,,,,,,,,,,,,,,,,,,,,,,,,,,,,,,,,,,,,,,,,,,,,,,,,,,,,,,,,,,,,,,,,,,,,,,,
Ballarat,VIC,14,Ballarat Race 14,2026-03-18T22:53:00+11:00,390m,Grade 5,8,Aston Cleese,436403,Catherine,22.39,3412,,5,5: 0-2-0,8.69,,,,,,,,,,,,,,,,,,,,,,,,,,,,,,,,,,,,,,,,,,,,,,,,,,,,,,,,,,,,,,,,,,,,,,,,,,,,,,,,,,,,,,
Angle Park,SA,8,Follow Thedogssa on X (n/p) Tg 5+w Series 2 F Pr2,2026-03-18T20:41:00+11:00,342m,Other,1,Let's Go Pies,421488,,19.75,5251,FM,6,46: 5-7-9,4.80,,,,,,,,,,,,,,,,,,,,,,,,,,,,,,,,,,,,,,,,,,,,,,,,,,,,,,,,,,,,,,,,,,,,,,,,,,,,,,,,,,,,,,
Angle Park,SA,8,Follow Thedogssa on X (n/p) Tg 5+w Series 2 F Pr2,2026-03-18T20:41:00+11:00,342m,Other,2,Life's A Joke,432547,,19.86,5531,FM,6,24: 4-2-8,4.76,,,,,,,,,,,,,,,,,,,,,,,,,,,,,,,,,,,,,,,,,,,,,,,,,,,,,,,,,,,,,,,,,,,,,,,,,,,,,,,,,,,,,,
Angle Park,SA,8,Follow Thedogssa on X (n/p) Tg 5+w Series 2 F Pr2,2026-03-18T20:41:00+11:00,342m,Other,4,Slipper's Appeal,401240,Barry Jones,19.59,4668,FS,6,49: 6-6-2,4.66,,,,,,,,,,,,,,,,,,,,,,,,,,,,,,,,,,,,,,,,,,,,,,,,,,,,,,,,,,,,,,,,,,,,,,,,,,,,,,,,,,,,,,
Angle Park,SA,8,Follow Thedogssa on X (n/p) Tg 5+w Series 2 F Pr2,2026-03-18T20:41:00+11:00,342m,Other,5,Dawn Said So,439160,Kevin Bewley,19.98,1115,GM,6,10: 5-0-1,4.79,,,,,,,,,,,,,,,,,,,,,,,,,,,,,,,,,,,,,,,,,,,,,,,,,,,,,,,,,,,,,,,,,,,,,,,,,,,,,,,,,,,,,,
Angle Park,SA,8,Follow Thedogssa on X (n/p) Tg 5+w Series 2 F Pr2,2026-03-18T20:41:00+11:00,342m,Other,7,Aston Baker,433146,Marcello Calicchio,19.90,6353,GM,6,32: 6-3-6,4.79,,,,,,,,,,,,,,,,,,,,,,,,,,,,,,,,,,,,,,,,,,,,,,,,,,,,,,,,,,,,,,,,,,,,,,,,,,,,,,,,,,,,,,
Angle Park,SA,8,Follow Thedogssa on X (n/p) Tg 5+w Series 2 F Pr2,2026-03-18T20:41:00+11:00,342m,Other,8,Fancy In Design,434754,Sharyn Gray,19.95,6452,FM,6,22: 8-4-1,4.73,,,,,,,,,,,,,,,,,,,,,,,,,,,,,,,,,,,,,,,,,,,,,,,,,,,,,,,,,,,,,,,,,,,,,,,,,,,,,,,,,,,,,,
Angle Park,SA,9,Www.gapsa.org.au (n/p) Tg 5+w Series 3 F Pr2 Divis,2026-03-18T21:06:00+11:00,342m,Other,1,Spare,430498,Wendy Sebastyan,20.00,2611,GM,6,34: 6-6-7,4.73,,,,,,,,,,,,,,,,,,,,,,,,,,,,,,,,,,,,,,,,,,,,,,,,,,,,,,,,,,,,,,,,,,,,,,,,,,,,,,,,,,,,,,
Angle Park,SA,9,Www.gapsa.org.au (n/p) Tg 5+w Series 3 F Pr2 Divis,2026-03-18T21:06:00+11:00,342m,Other,2,Rafferty Blues,423073,Tania Foster,19.67,5632,RM,5,26: 5-6-6,4.88,,,,,,,,,,,,,,,,,,,,,,,,,,,,,,,,,,,,,,,,,,,,,,,,,,,,,,,,,,,,,,,,,,,,,,,,,,,,,,,,,,,,,,
Angle Park,SA,9,Www.gapsa.org.au (n/p) Tg 5+w Series 3 F Pr2 Divis,2026-03-18T21:06:00+11:00,342m,Other,4,Thundering Lady,432975,Clint Trengove,19.79,3233,FM,6,37: 8-8-9,4.80,,,,,,,,,,,,,,,,,,,,,,,,,,,,,,,,,,,,,,,,,,,,,,,,,,,,,,,,,,,,,,,,,,,,,,,,,,,,,,,,,,,,,,
Angle Park,SA,9,Www.gapsa.org.au (n/p) Tg 5+w Series 3 F Pr2 Divis,2026-03-18T21:06:00+11:00,342m,Other,5,Wait And See,423067,Don Turner,19.98,1432,RR,6,17: 2-3-5,4.77,,,,,,,,,,,,,,,,,,,,,,,,,,,,,,,,,,,,,,,,,,,,,,,,,,,,,,,,,,,,,,,,,,,,,,,,,,,,,,,,,,,,,,
Angle Park,SA,9,Www.gapsa.org.au (n/p) Tg 5+w Series 3 F Pr2 Divis,2026-03-18T21:06:00+11:00,342m,Other,7,Cabao Nickel,425692,Trev Jessup,19.64,27F2,GR,6,28: 4-3-6,4.75,,,,,,,,,,,,,,,,,,,,,,,,,,,,,,,,,,,,,,,,,,,,,,,,,,,,,,,,,,,,,,,,,,,,,,,,,,,,,,,,,,,,,,
Angle Park,SA,9,Www.gapsa.org.au (n/p) Tg 5+w Series 3 F Pr2 Divis,2026-03-18T21:06:00+11:00,342m,Other,8,Here Comes Shaka,428330,Kevin Bewley,19.86,3413,FM,6,14: 3-1-4,4.77,,,,,,,,,,,,,,,,,,,,,,,,,,,,,,,,,,,,,,,,,,,,,,,,,,,,,,,,,,,,,,,,,,,,,,,,,,,,,,,,,,,,,,
Angle Park,SA,10,We Love Our Dogs (n/p) Tg 5+w Series 4 F Pr2 Divis,2026-03-18T21:27:00+11:00,342m,Other,1,Crying Tiger,356641,Heidi Drganc,19.75,2361,GS,6,33: 4-5-9,4.74,,,,,,,,,,,,,,,,,,,,,,,,,,,,,,,,,,,,,,,,,,,,,,,,,,,,,,,,,,,,,,,,,,,,,,,,,,,,,,,,,,,,,,
Angle Park,SA,10,We Love Our Dogs (n/p) Tg 5+w Series 4 F Pr2 Divis,2026-03-18T21:27:00+11:00,342m,Other,2,Brindle Benny,422960,Bob Isaacson,19.46,2443,GR,5,41: 9-11-12,4.67,,,,,,,,,,,,,,,,,,,,,,,,,,,,,,,,,,,,,,,,,,,,,,,,,,,,,,,,,,,,,,,,,,,,,,,,,,,,,,,,,,,,,,
Angle Park,SA,10,We Love Our Dogs (n/p) Tg 5+w Series 4 F Pr2 Divis,2026-03-18T21:27:00+11:00,342m,Other,4,Optimistic Reign,433823,Neil,NBT,4735,RM,6,0: 0-0-0,,,,,,,,,,,,,,,,,,,,,,,,,,,,,,,,,,,,,,,,,,,,,,,,,,,,,,,,,,,,,,,,,,,,,,,,,,,,,,,,,,,,,,,
Angle Park,SA,10,We Love Our Dogs (n/p) Tg 5+w Series 4 F Pr2 Divis,2026-03-18T21:27:00+11:00,342m,Other,7,Aston Biden,429609,Heidi Drganc,19.78,1564,FR,6,22: 5-4-4,4.81,,,,,,,,,,,,,,,,,,,,,,,,,,,,,,,,,,,,,,,,,,,,,,,,,,,,,,,,,,,,,,,,,,,,,,,,,,,,,,,,,,,,,,
Angle Park,SA,10,We Love Our Dogs (n/p) Tg 5+w Series 4 F Pr2 Divis,2026-03-18T21:27:00+11:00,342m,Other,8,Elegant Cindy,433973,Marcello Calicchio,19.68,1131,ER,6,17: 7-2-2,4.67,,,,,,,,,,,,,,,,,,,,,,,,,,,,,,,,,,,,,,,,,,,,,,,,,,,,,,,,,,,,,,,,,,,,,,,,,,,,,,,,,,,,,,
Angle Park,SA,10,We Love Our Dogs (n/p) Tg 5+w Series 4 F Pr2 Divis,2026-03-18T21:27:00+11:00,342m,Other,9,Smooth Paradise,437332,Kevin Bewley,19.78,1536,GM,6,31: 8-3-6,4.78,,,,,,,,,,,,,,,,,,,,,,,,,,,,,,,,,,,,,,,,,,,,,,,,,,,,,,,,,,,,,,,,,,,,,,,,,,,,,,,,,,,,,,
Angle Park,SA,11,Fresh Pet Food Co (n/p) Tg 5+w Series 5 F Pr2 Divi,2026-03-18T21:50:00+11:00,342m,Other,1,Elegant Zephyr,435079,Lester Harris,19.77,1211,GM,6,34: 10-6-2,4.79,,,,,,,,,,,,,,,,,,,,,,,,,,,,,,,,,,,,,,,,,,,,,,,,,,,,,,,,,,,,,,,,,,,,,,,,,,,,,,,,,,,,,,
Angle Park,SA,11,Fresh Pet Food Co (n/p) Tg 5+w Series 5 F Pr2 Divi,2026-03-18T21:50:00+11:00,342m,Other,2,Hayden's Milk,432471,Neil,19.69,6233,GM,6,8: 2-1-0,4.68,,,,,,,,,,,,,,,,,,,,,,,,,,,,,,,,,,,,,,,,,,,,,,,,,,,,,,,,,,,,,,,,,,,,,,,,,,,,,,,,,,,,,,
Angle Park,SA,11,Fresh Pet Food Co (n/p) Tg 5+w Series 5 F Pr2 Divi,2026-03-18T21:50:00+11:00,342m,Other,5,Blue Energy,428696,Bob Isaacson,19.71,3463,GM,5,48: 14-9-6,4.70,,,,,,,,,,,,,,,,,,,,,,,,,,,,,,,,,,,,,,,,,,,,,,,,,,,,,,,,,,,,,,,,,,,,,,,,,,,,,,,,,,,,,,
Angle Park,SA,11,Fresh Pet Food Co (n/p) Tg 5+w Series 5 F Pr2 Divi,2026-03-18T21:50:00+11:00,342m,Other,8,Sudoku Rosie,427518,,19.67,5125,GM,6,28: 6-6-5,4.77,,,,,,,,,,,,,,,,,,,,,,,,,,,,,,,,,,,,,,,,,,,,,,,,,,,,,,,,,,,,,,,,,,,,,,,,,,,,,,,,,,,,,,
Angle Park,SA,11,Fresh Pet Food Co (n/p) Tg 5+w Series 5 F Pr2 Divi,2026-03-18T21:50:00+11:00,342m,Other,9,Our Bella Rose,426536,Des Hockley,19.68,4362,GR,6,63: 3-16-18,4.82,,,,,,,,,,,,,,,,,,,,,,,,,,,,,,,,,,,,,,,,,,,,,,,,,,,,,,,,,,,,,,,,,,,,,,,,,,,,,,,,,,,,,,
Angle Park,SA,11,Fresh Pet Food Co (n/p) Tg 5+w Series 5 F Pr2 Divi,2026-03-18T21:50:00+11:00,342m,Other,10,Binnaway Sands,433520,Don Gordon,19.70,5653,RM,6,13: 2-3-2,4.72,,,,,,,,,,,,,,,,,,,,,,,,,,,,,,,,,,,,,,,,,,,,,,,,,,,,,,,,,,,,,,,,,,,,,,,,,,,,,,,,,,,,,,
Angle Park,SA,12,Sky Racing (n/p) Tg 5+w Series 6 F Pr2 Division1,2026-03-18T22:11:00+11:00,342m,Other,1,Victa Bob,422261,Kevin Bewley,19.79,4234,RM,6,4: 1-1-1,4.78,,,,,,,,,,,,,,,,,,,,,,,,,,,,,,,,,,,,,,,,,,,,,,,,,,,,,,,,,,,,,,,,,,,,,,,,,,,,,,,,,,,,,,
Angle Park,SA,12,Sky Racing (n/p) Tg 5+w Series 6 F Pr2 Division1,2026-03-18T22:11:00+11:00,342m,Other,2,Minh Jack,431475,Don Turner,19.59,5443,FM,5,22: 4-2-7,4.72,,,,,,,,,,,,,,,,,,,,,,,,,,,,,,,,,,,,,,,,,,,,,,,,,,,,,,,,,,,,,,,,,,,,,,,,,,,,,,,,,,,,,,
Angle Park,SA,12,Sky Racing (n/p) Tg 5+w Series 6 F Pr2 Division1,2026-03-18T22:11:00+11:00,342m,Other,4,Starlet Edition,422499,,19.58,2352,FR,5,22: 6-4-4,4.90,,,,,,,,,,,,,,,,,,,,,,,,,,,,,,,,,,,,,,,,,,,,,,,,,,,,,,,,,,,,,,,,,,,,,,,,,,,,,,,,,,,,,,
Angle Park,SA,12,Sky Racing (n/p) Tg 5+w Series 6 F Pr2 Division1,2026-03-18T22:11:00+11:00,342m,Other,7,Shaka Goes Bang,421822,Kevin Bewley,19.72,5113,ER,5,19: 5-2-5,4.65,,,,,,,,,,,,,,,,,,,,,,,,,,,,,,,,,,,,,,,,,,,,,,,,,,,,,,,,,,,,,,,,,,,,,,,,,,,,,,,,,,,,,,
Angle Park,SA,12,Sky Racing (n/p) Tg 5+w Series 6 F Pr2 Division1,2026-03-18T22:11:00+11:00,342m,Other,9,Cantara Pearl,431459,Tanya Bialek,19.81,5355,FM,6,37: 2-11-10,4.68,,,,,,,,,,,,,,,,,,,,,,,,,,,,,,,,,,,,,,,,,,,,,,,,,,,,,,,,,,,,,,,,,,,,,,,,,,,,,,,,,,,,,,
Angle Park,SA,12,Sky Racing (n/p) Tg 5+w Series 6 F Pr2 Division1,2026-03-18T22:11:00+11:00,342m,Other,10,Prime Voltage,423116,Kevin Bewley,19.39,3574,FM,5,14: 4-2-4,4.64,,,,,,,,,,,,,,,,,,,,,,,,,,,,,,,,,,,,,,,,,,,,,,,,,,,,,,,,,,,,,,,,,,,,,,,,,,,,,,,,,,,,,,
Meadows,VIC,6,Sportsbet Ht2,2026-03-18T20:44:00+11:00,525m,Grade 5 Heat,1,Overland Boy,431825,,30.40,2111,,5,1: 0-0-0,5.26,,,,,,,,,,,,,,,,,,,,,,,,,,,,,,,,,,,,,,,,,,,,,,,,,,,,,,,,,,,,,,,,,,,,,,,,,,,,,,,,,,,,,,
Meadows,VIC,6,Sportsbet Ht2,2026-03-18T20:44:00+11:00,525m,Grade 5 Heat,2,In One Moment,434208,Gary Thorneycroft,NBT,4162,,5,1: 0-1-0,5.20,,,,,,,,,,,,,,,,,,,,,,,,,,,,,,,,,,,,,,,,,,,,,,,,,,,,,,,,,,,,,,,,,,,,,,,,,,,,,,,,,,,,,,
Meadows,VIC,6,Sportsbet Ht2,2026-03-18T20:44:00+11:00,525m,Grade 5 Heat,3,Kid Blue,437682,Peter Akathiotis,30.50,1447,,5,8: 1-0-4,5.13,,,,,,,,,,,,,,,,,,,,,,,,,,,,,,,,,,,,,,,,,,,,,,,,,,,,,,,,,,,,,,,,,,,,,,,,,,,,,,,,,,,,,,
Meadows,VIC,6,Sportsbet Ht2,2026-03-18T20:44:00+11:00,525m,Grade 5 Heat,4,Analyzation,436785,Ashlee Terry,NBT,5415,,5,0: 0-0-0,,,,,,,,,,,,,,,,,,,,,,,,,,,,,,,,,,,,,,,,,,,,,,,,,,,,,,,,,,,,,,,,,,,,,,,,,,,,,,,,,,,,,,,
Meadows,VIC,6,Sportsbet Ht2,2026-03-18T20:44:00+11:00,525m,Grade 5 Heat,6,So He Thinks,439475,Stefano Cassar,30.25,6163,,5,3: 0-0-3,5.25,,,,,,,,,,,,,,,,,,,,,,,,,,,,,,,,,,,,,,,,,,,,,,,,,,,,,,,,,,,,,,,,,,,,,,,,,,,,,,,,,,,,,,
Meadows,VIC,6,Sportsbet Ht2,2026-03-18T20:44:00+11:00,525m,Grade 5 Heat,7,Belair Betty,429521,Trevor Steel,30.62,4681,,5,0: 0-0-0,5.34,,,,,,,,,,,,,,,,,,,,,,,,,,,,,,,,,,,,,,,,,,,,,,,,,,,,,,,,,,,,,,,,,,,,,,,,,,,,,,,,,,,,,,
Meadows,VIC,6,Sportsbet Ht2,2026-03-18T20:44:00+11:00,525m,Grade 5 Heat,8,Par Excellence,436809,Jeff Geall,30.69,1131,,5,0: 0-0-0,5.21,,,,,,,,,,,,,,,,,,,,,,,,,,,,,,,,,,,,,,,,,,,,,,,,,,,,,,,,,,,,,,,,,,,,,,,,,,,,,,,,,,,,,,
Meadows,VIC,7,Sportsbet Ht3,2026-03-18T21:03:00+11:00,525m,Grade 5 Heat,1,Champlain,430374,Greg Johnson,30.15,1645,,5,1: 0-1-0,5.17,,,,,,,,,,,,,,,,,,,,,,,,,,,,,,,,,,,,,,,,,,,,,,,,,,,,,,,,,,,,,,,,,,,,,,,,,,,,,,,,,,,,,,
Meadows,VIC,7,Sportsbet Ht3,2026-03-18T21:03:00+11:00,525m,Grade 5 Heat,2,My Long Black,440423,Thomas Dailly,30.57,8318,,5,2: 1-0-1,5.14,,,,,,,,,,,,,,,,,,,,,,,,,,,,,,,,,,,,,,,,,,,,,,,,,,,,,,,,,,,,,,,,,,,,,,,,,,,,,,,,,,,,,,
Meadows,VIC,7,Sportsbet Ht3,2026-03-18T21:03:00+11:00,525m,Grade 5 Heat,3,Belair Crown,435310,Trevor Steel,30.71,6314,,5,0: 0-0-0,5.35,,,,,,,,,,,,,,,,,,,,,,,,,,,,,,,,,,,,,,,,,,,,,,,,,,,,,,,,,,,,,,,,,,,,,,,,,,,,,,,,,,,,,,
Meadows,VIC,7,Sportsbet Ht3,2026-03-18T21:03:00+11:00,525m,Grade 5 Heat,4,Maximum Reed,429966,Christopher Cassar,30.90,5486,,5,2: 0-1-0,5.37,,,,,,,,,,,,,,,,,,,,,,,,,,,,,,,,,,,,,,,,,,,,,,,,,,,,,,,,,,,,,,,,,,,,,,,,,,,,,,,,,,,,,,
Meadows,VIC,7,Sportsbet Ht3,2026-03-18T21:03:00+11:00,525m,Grade 5 Heat,5,Scott Sigma,435086,Emma Scott,30.50,2111,,5,2: 0-0-1,5.17,,,,,,,,,,,,,,,,,,,,,,,,,,,,,,,,,,,,,,,,,,,,,,,,,,,,,,,,,,,,,,,,,,,,,,,,,,,,,,,,,,,,,,
Meadows,VIC,7,Sportsbet Ht3,2026-03-18T21:03:00+11:00,525m,Grade 5 Heat,6,Obscurus,439121,Lisa Cockerell,30.67,8F28,,5,2: 1-0-0,5.29,,,,,,,,,,,,,,,,,,,,,,,,,,,,,,,,,,,,,,,,,,,,,,,,,,,,,,,,,,,,,,,,,,,,,,,,,,,,,,,,,,,,,,
Meadows,VIC,7,Sportsbet Ht3,2026-03-18T21:03:00+11:00,525m,Grade 5 Heat,7,Mighty Multi,436893,Michelle Mallia,30.39,3236,,5,5: 0-2-2,5.19,,,,,,,,,,,,,,,,,,,,,,,,,,,,,,,,,,,,,,,,,,,,,,,,,,,,,,,,,,,,,,,,,,,,,,,,,,,,,,,,,,,,,,
Meadows,VIC,7,Sportsbet Ht3,2026-03-18T21:03:00+11:00,525m,Grade 5 Heat,8,Polly Tango,439674,Shane Fisher,30.10,1185,,5,5: 3-0-0,5.22,,,,,,,,,,,,,,,,,,,,,,,,,,,,,,,,,,,,,,,,,,,,,,,,,,,,,,,,,,,,,,,,,,,,,,,,,,,,,,,,,,,,,,
Meadows,VIC,8,Gorski Truck and Trailer,2026-03-18T21:23:00+11:00,525m,Grade 5,1,Paw Quebec,433309,,30.50,2316,,5,3: 0-0-0,5.15,,,,,,,,,,,,,,,,,,,,,,,,,,,,,,,,,,,,,,,,,,,,,,,,,,,,,,,,,,,,,,,,,,,,,,,,,,,,,,,,,,,,,,
Meadows,VIC,8,Gorski Truck and Trailer,2026-03-18T21:23:00+11:00,525m,Grade 5,2,No More Extras,436582,,30.54,4141,,5,9: 0-1-2,5.30,,,,,,,,,,,,,,,,,,,,,,,,,,,,,,,,,,,,,,,,,,,,,,,,,,,,,,,,,,,,,,,,,,,,,,,,,,,,,,,,,,,,,,
Meadows,VIC,8,Gorski Truck and Trailer,2026-03-18T21:23:00+11:00,525m,Grade 5,3,Altocumulus,437190,Ashlee Terry,30.65,1422,,5,1: 0-1-0,5.42,,,,,,,,,,,,,,,,,,,,,,,,,,,,,,,,,,,,,,,,,,,,,,,,,,,,,,,,,,,,,,,,,,,,,,,,,,,,,,,,,,,,,,
Meadows,VIC,8,Gorski Truck and Trailer,2026-03-18T21:23:00+11:00,525m,Grade 5,4,Black Thumb,428487,Jye Formosa,30.17,7147,,5,9: 3-1-1,5.27,,,,,,,,,,,,,,,,,,,,,,,,,,,,,,,,,,,,,,,,,,,,,,,,,,,,,,,,,,,,,,,,,,,,,,,,,,,,,,,,,,,,,,
Meadows,VIC,8,Gorski Truck and Trailer,2026-03-18T21:23:00+11:00,525m,Grade 5,6,Taste That,440730,Mark Filomeno,30.87,1351,,5,1: 0-0-0,5.28,,,,,,,,,,,,,,,,,,,,,,,,,,,,,,,,,,,,,,,,,,,,,,,,,,,,,,,,,,,,,,,,,,,,,,,,,,,,,,,,,,,,,,
Meadows,VIC,8,Gorski Truck and Trailer,2026-03-18T21:23:00+11:00,525m,Grade 5,7,Moraine Sara,437646,Briana,NBT,5255,,5,0: 0-0-0,,,,,,,,,,,,,,,,,,,,,,,,,,,,,,,,,,,,,,,,,,,,,,,,,,,,,,,,,,,,,,,,,,,,,,,,,,,,,,,,,,,,,,,
Meadows,VIC,8,Gorski Truck and Trailer,2026-03-18T21:23:00+11:00,525m,Grade 5,8,Bit Of Potash,435493,,30.56,3344,,5,2: 1-0-1,5.42,,,,,,,,,,,,,,,,,,,,,,,,,,,,,,,,,,,,,,,,,,,,,,,,,,,,,,,,,,,,,,,,,,,,,,,,,,,,,,,,,,,,,,
Meadows,VIC,9,We Stand with Tasmania (1-2 Wins) (275+),2026-03-18T21:47:00+11:00,525m,Rank Limit - Restricted Win,1,Transponding,440729,Mark Filomeno,31.07,7161,,6,2: 0-0-0,5.52,,,,,,,,,,,,,,,,,,,,,,,,,,,,,,,,,,,,,,,,,,,,,,,,,,,,,,,,,,,,,,,,,,,,,,,,,,,,,,,,,,,,,,
Meadows,VIC,9,We Stand with Tasmania (1-2 Wins) (275+),2026-03-18T21:47:00+11:00,525m,Rank Limit - Restricted Win,2,Maxi Grin,440593,Andrea Chapple,30.43,2761,,7,2: 0-1-0,5.31,,,,,,,,,,,,,,,,,,,,,,,,,,,,,,,,,,,,,,,,,,,,,,,,,,,,,,,,,,,,,,,,,,,,,,,,,,,,,,,,,,,,,,
Meadows,VIC,9,We Stand with Tasmania (1-2 Wins) (275+),2026-03-18T21:47:00+11:00,525m,Rank Limit - Restricted Win,5,Naringal Boy,440872,Jacob,NBT,4217,,7,0: 0-0-0,,,,,,,,,,,,,,,,,,,,,,,,,,,,,,,,,,,,,,,,,,,,,,,,,,,,,,,,,,,,,,,,,,,,,,,,,,,,,,,,,,,,,,,
Meadows,VIC,9,We Stand with Tasmania (1-2 Wins) (275+),2026-03-18T21:47:00+11:00,525m,Rank Limit - Restricted Win,7,Taste,440342,Mark Filomeno,30.17,1672,,7,4: 1-0-1,5.42,,,,,,,,,,,,,,,,,,,,,,,,,,,,,,,,,,,,,,,,,,,,,,,,,,,,,,,,,,,,,,,,,,,,,,,,,,,,,,,,,,,,,,
Meadows,VIC,9,We Stand with Tasmania (1-2 Wins) (275+),2026-03-18T21:47:00+11:00,525m,Rank Limit - Restricted Win,8,Aston Ace,441473,Michelle Mallia,NBT,18,,7,0: 0-0-0,,,,,,,,,,,,,,,,,,,,,,,,,,,,,,,,,,,,,,,,,,,,,,,,,,,,,,,,,,,,,,,,,,,,,,,,,,,,,,,,,,,,,,,
Meadows,VIC,10,Di Battista Real Estate,2026-03-18T22:08:00+11:00,525m,Grade 5,1,Angry Chief,433135,Stephen Brincat,30.46,5334,,5,4: 0-0-2,5.09,,,,,,,,,,,,,,,,,,,,,,,,,,,,,,,,,,,,,,,,,,,,,,,,,,,,,,,,,,,,,,,,,,,,,,,,,,,,,,,,,,,,,,
Meadows,VIC,10,Di Battista Real Estate,2026-03-18T22:08:00+11:00,525m,Grade 5,2,Obliviate,437491,Lisa Cockerell,30.41,6446,,5,5: 1-0-0,5.25,,,,,,,,,,,,,,,,,,,,,,,,,,,,,,,,,,,,,,,,,,,,,,,,,,,,,,,,,,,,,,,,,,,,,,,,,,,,,,,,,,,,,,
Meadows,VIC,10,Di Battista Real Estate,2026-03-18T22:08:00+11:00,525m,Grade 5,3,Wyong Houston,433501,Emma Scott,30.12,7566,,5,4: 2-1-1,5.20,,,,,,,,,,,,,,,,,,,,,,,,,,,,,,,,,,,,,,,,,,,,,,,,,,,,,,,,,,,,,,,,,,,,,,,,,,,,,,,,,,,,,,
Meadows,VIC,10,Di Battista Real Estate,2026-03-18T22:08:00+11:00,525m,Grade 5,4,Regal Barry,428139,Sheldon Hamilton,30.27,2863,,5,8: 1-1-2,5.31,,,,,,,,,,,,,,,,,,,,,,,,,,,,,,,,,,,,,,,,,,,,,,,,,,,,,,,,,,,,,,,,,,,,,,,,,,,,,,,,,,,,,,
Meadows,VIC,10,Di Battista Real Estate,2026-03-18T22:08:00+11:00,525m,Grade 5,6,Lady Breanna,434288,Sheldon Hamilton,30.48,5761,,5,6: 0-0-0,5.33,,,,,,,,,,,,,,,,,,,,,,,,,,,,,,,,,,,,,,,,,,,,,,,,,,,,,,,,,,,,,,,,,,,,,,,,,,,,,,,,,,,,,,
Meadows,VIC,10,Di Battista Real Estate,2026-03-18T22:08:00+11:00,525m,Grade 5,7,Sir Dodge,428953,Sheldon Hamilton,30.12,5545,,5,4: 0-3-0,5.26,,,,,,,,,,,,,,,,,,,,,,,,,,,,,,,,,,,,,,,,,,,,,,,,,,,,,,,,,,,,,,,,,,,,,,,,,,,,,,,,,,,,,,
Meadows,VIC,10,Di Battista Real Estate,2026-03-18T22:08:00+11:00,525m,Grade 5,8,Cruzado,432848,Terrence,30.93,7645,,5,9: 1-0-0,5.31,,,,,,,,,,,,,,,,,,,,,,,,,,,,,,,,,,,,,,,,,,,,,,,,,,,,,,,,,,,,,,,,,,,,,,,,,,,,,,,,,,,,,,
Meadows,VIC,11,Hector Fawley at Stud,2026-03-18T22:23:00+11:00,525m,Free For All,1,Reuben Hill,430670,Jeff Geall,30.19,2665,,3,10: 3-0-2,5.19,,,,,,,,,,,,,,,,,,,,,,,,,,,,,,,,,,,,,,,,,,,,,,,,,,,,,,,,,,,,,,,,,,,,,,,,,,,,,,,,,,,,,,
Meadows,VIC,11,Hector Fawley at Stud,2026-03-18T22:23:00+11:00,525m,Free For All,2,Paw Manny,428227,,29.98,7547,,4,3: 0-1-2,5.27,,,,,,,,,,,,,,,,,,,,,,,,,,,,,,,,,,,,,,,,,,,,,,,,,,,,,,,,,,,,,,,,,,,,,,,,,,,,,,,,,,,,,,
Meadows,VIC,11,Hector Fawley at Stud,2026-03-18T22:23:00+11:00,525m,Free For All,4,Go Go Evie,424779,Tina Womann,30.30,6357,,3,12: 0-4-2,5.21,,,,,,,,,,,,,,,,,,,,,,,,,,,,,,,,,,,,,,,,,,,,,,,,,,,,,,,,,,,,,,,,,,,,,,,,,,,,,,,,,,,,,,
Meadows,VIC,11,Hector Fawley at Stud,2026-03-18T22:23:00+11:00,525m,Free For All,5,Zipping Singh,436092,Greg Johnson,30.15,6643,,4,6: 1-3-1,5.30,,,,,,,,,,,,,,,,,,,,,,,,,,,,,,,,,,,,,,,,,,,,,,,,,,,,,,,,,,,,,,,,,,,,,,,,,,,,,,,,,,,,,,
Meadows,VIC,11,Hector Fawley at Stud,2026-03-18T22:23:00+11:00,525m,Free For All,7,Go For Gold,424780,Tina Womann,30.07,5536,,2,8: 3-0-1,5.16,,,,,,,,,,,,,,,,,,,,,,,,,,,,,,,,,,,,,,,,,,,,,,,,,,,,,,,,,,,,,,,,,,,,,,,,,,,,,,,,,,,,,,
Meadows,VIC,11,Hector Fawley at Stud,2026-03-18T22:23:00+11:00,525m,Free For All,8,White Crest,405455,,29.83,5213,,4,29: 5-8-3,5.22,,,,,,,,,,,,,,,,,,,,,,,,,,,,,,,,,,,,,,,,,,,,,,,,,,,,,,,,,,,,,,,,,,,,,,,,,,,,,,,,,,,,,,
Meadows,VIC,12,Gorski Australian Made Tippers (275+),2026-03-18T22:44:00+11:00,525m,Rank Limit - Grade 5,1,Out The Window,431002,Briana,NBT,5431,,5,0: 0-0-0,,,,,,,,,,,,,,,,,,,,,,,,,,,,,,,,,,,,,,,,,,,,,,,,,,,,,,,,,,,,,,,,,,,,,,,,,,,,,,,,,,,,,,,
Meadows,VIC,12,Gorski Australian Made Tippers (275+),2026-03-18T22:44:00+11:00,525m,Rank Limit - Grade 5,2,Paw Julia,428201,,30.47,1833,,5,6: 0-0-1,5.28,,,,,,,,,,,,,,,,,,,,,,,,,,,,,,,,,,,,,,,,,,,,,,,,,,,,,,,,,,,,,,,,,,,,,,,,,,,,,,,,,,,,,,
Meadows,VIC,12,Gorski Australian Made Tippers (275+),2026-03-18T22:44:00+11:00,525m,Rank Limit - Grade 5,4,Strike It Mike,434121,Bianca Clark,30.53,2712,,5,2: 0-1-0,5.34,,,,,,,,,,,,,,,,,,,,,,,,,,,,,,,,,,,,,,,,,,,,,,,,,,,,,,,,,,,,,,,,,,,,,,,,,,,,,,,,,,,,,,
Meadows,VIC,12,Gorski Australian Made Tippers (275+),2026-03-18T22:44:00+11:00,525m,Rank Limit - Grade 5,6,Athens Aura,438878,Briana,31.00,1757,,5,1: 0-0-0,5.34,,,,,,,,,,,,,,,,,,,,,,,,,,,,,,,,,,,,,,,,,,,,,,,,,,,,,,,,,,,,,,,,,,,,,,,,,,,,,,,,,,,,,,
Meadows,VIC,12,Gorski Australian Made Tippers (275+),2026-03-18T22:44:00+11:00,525m,Rank Limit - Grade 5,8,Moraine Joker,429663,Briana,30.67,5211,,5,4: 1-0-0,5.26,,,,,,,,,,,,,,,,,,,,,,,,,,,,,,,,,,,,,,,,,,,,,,,,,,,,,,,,,,,,,,,,,,,,,,,,,,,,,,,,,,,,,,
BetDeluxe Rockhampton,QLD,4,Betdeluxe Same Race Multi,2026-03-18T20:37:00+11:00,407m,4th/5th Grade,1,Jester Beach,432267,,24.00,,FR,5,,,,,,,https://www.thedogs.com.au/dogs/432267/jester-beach,2nd/7,1.0,33.5,407.0,2026-03-15,ROCK,4/5,24.00,23.85,23.54,9.20,2.00,Wilma Flintstone,2,26.00,5th/6,8.0,33.6,407.0,2026-03-11,ROCK,P5,24.61,,23.49,,6.00,Rupee Ranger,5,21.00,4th/8,8.0,33.8,407.0,2026-03-08,ROCK,5,24.68,23.91,23.35,9.48,11.00,Abraxos,4,41.00,6th/6,5.0,33.6,407.0,2026-03-04,ROCK,4/5,24.38,23.57,23.42,9.31,11.50,Canya Atomic,6,81.00,7th/8,2.0,33.6,407.0,2026-01-04,ROCK,4/5,24.37,23.49,23.49,9.45,12.50,Bexley,7,51.00,4.0,0.0,2.0,0.0,50.0,
BetDeluxe Rockhampton,QLD,4,Betdeluxe Same Race Multi,2026-03-18T20:37:00+11:00,407m,4th/5th Grade,2,Legends Told,437946,,23.79,,FR,4,,,,,,,https://www.thedogs.com.au/dogs/437946/legends-told,2nd/8,8.0,26.6,407.0,2026-03-11,ROCK,4/5,23.95,23.83,23.49,9.02,1.75,Farmor Leeway,2,15.00,1st/6,3.0,26.6,407.0,2026-03-04,ROCK,5,24.01,24.01,23.42,9.05,0.75,Bella Matilda,1,6.50,4th/6,3.0,26.2,407.0,2026-02-25,ROCK,5,24.05,23.94,23.53,9.07,1.50,Ruxton Flame,4,9.50,8th/8,4.0,25.7,407.0,2026-02-18,ROCK,4,25.00,23.81,23.29,9.88,17.00,Catching Rays,8,10.00,5th/8,4.0,25.8,407.0,2026-02-04,ROCK,R/W,24.51,23.54,23.30,9.46,13.75,Quick Shot,5,26.00,0.0,0.0,0.0,0.0,0.0,
BetDeluxe Rockhampton,QLD,4,Betdeluxe Same Race Multi,2026-03-18T20:37:00+11:00,407m,4th/5th Grade,3,Rupee Ranger,435136,,23.88,,FR,4,,,,,,,https://www.thedogs.com.au/dogs/435136/rupee-ranger,1st/6,5.0,32.0,407.0,2026-03-11,ROCK,P5,24.18,,23.49,,0.13,Sunburnt Dawn,1,2.30,4th/8,3.0,32.2,407.0,2026-02-25,ROCK,P5,24.17,24.15,23.53,9.31,0.25,Rachel Sparkles,4,2.30,5th/6,1.0,32.3,407.0,2026-02-18,ROCK,5,24.01,23.36,23.29,9.19,9.25,Non Stop Tommy,5,7.50,4th/8,2.0,32.2,407.0,2026-02-04,ROCK,R/W,24.31,23.54,23.30,9.34,11.00,Quick Shot,4,31.00,5th/8,7.0,31.7,407.0,2026-01-28,ROCK,R/W,24.52,23.78,23.54,9.27,10.50,Quick Shot,5,12.00,4.0,0.0,1.0,0.0,25.0,
BetDeluxe Rockhampton,QLD,4,Betdeluxe Same Race Multi,2026-03-18T20:37:00+11:00,407m,4th/5th Grade,4,Indigo Beach,439746,,24.08,,FM,5,,,,,,,https://www.thedogs.com.au/dogs/439746/indigo-beach,1st/7,1.0,25.5,407.0,2026-03-15,ROCK,6,24.08,24.08,23.54,9.17,1.25,Boonie&#39;s Bell,1,12.00,5th/5,1.0,25.6,407.0,2026-03-11,ROCK,6,24.45,23.84,23.49,9.44,8.75,Heroic Henry,5,81.00,5th/7,7.0,25.2,407.0,2026-03-01,ROCK,6,24.47,23.58,23.38,9.32,12.75,Tough One,5,101.00,7th/7,6.0,25.8,407.0,2026-02-22,ROCK,6,24.65,23.66,23.56,9.49,14.00,Cappuccina,7,101.00,3rd/6,1.0,25.4,407.0,2026-02-18,ROCK,6,24.32,24.05,23.29,9.36,3.75,Patriot Pauline,3,41.00,4.0,0.0,0.0,0.0,0.0,
BetDeluxe Rockhampton,QLD,4,Betdeluxe Same Race Multi,2026-03-18T20:37:00+11:00,407m,4th/5th Grade,5,Sorrento Beach,434451,,24.14,,FR,5,,,,,,,https://www.thedogs.com.au/dogs/434451/sorrento-beach,6th/7,7.0,33.0,407.0,2026-03-15,ROCK,4/5,25.44,23.85,23.54,9.63,22.50,Wilma Flintstone,6,61.00,3rd/6,2.0,33.3,407.0,2026-03-11,ROCK,P5,24.36,,23.49,,2.50,Rupee Ranger,3,41.00,7th/7,8.0,33.3,407.0,2026-03-08,ROCK,5,24.83,24.00,23.35,9.56,11.75,Tip Alore Honey,7,51.00,7th/7,3.0,33.5,407.0,2026-03-04,ROCK,5,25.08,24.12,23.42,9.24,13.75,Kerri Beach,7,34.00,7th/7,8.0,32.4,407.0,2026-01-14,ROCK,5,24.67,23.88,23.53,9.37,11.25,Diamantina Pearl,7,41.00,5.0,2.0,0.0,40.0,0.0,
BetDeluxe Rockhampton,QLD,4,Betdeluxe Same Race Multi,2026-03-18T20:37:00+11:00,407m,4th/5th Grade,6,Miss Manaudou,436267,,23.60,,FM,5,,,,,,,https://www.thedogs.com.au/dogs/436267/miss-manaudou,4th/8,2.0,29.6,407.0,2026-03-11,ROCK,5,24.03,23.77,23.49,9.19,3.75,Bahama Blue,4,3.20,3rd/8,2.0,29.8,407.0,2026-01-04,ROCK,5,23.79,23.51,23.49,9.20,4.00,Abraxos,3,6.00,3rd/7,5.0,30.0,407.0,2025-12-28,ROCK,5,23.92,23.55,23.33,9.22,5.25,Abraxos,3,2.25,8th/8,8.0,30.3,407.0,2025-12-17,ROCK,4/5,24.54,23.56,23.56,9.53,14.00,Hold The Gavel,8,5.00,5th/8,4.0,30.4,407.0,2025-12-07,ROCK,3/4,24.86,23.58,23.55,9.84,18.25,Tusken Wind,5,4.60,2.0,1.0,1.0,50.0,50.0,
BetDeluxe Rockhampton,QLD,4,Betdeluxe Same Race Multi,2026-03-18T20:37:00+11:00,407m,4th/5th Grade,7,Aston Hayes,423733,,23.79,,FR,4,,,,,,,https://www.thedogs.com.au/dogs/423733/aston-hayes,5th/8,6.0,31.1,407.0,2026-03-11,ROCK,4/5,24.14,23.83,23.49,9.22,4.25,Farmor Leeway,5,10.00,6th/8,5.0,30.8,407.0,2026-03-01,ROCK,4,24.29,23.38,23.38,9.49,13.00,Non Stop Tommy,6,23.00,2nd/7,7.0,31.0,407.0,2026-02-25,ROCK,4/5,23.87,23.56,23.53,9.06,4.25,Next Black Jack,2,16.00,1st/8,5.0,30.5,407.0,2026-02-15,ROCK,M5,23.84,23.84,23.56,8.96,3.50,Jaggery,1,5.00,3rd/7,4.0,30.4,407.0,2026-02-04,ROCK,5,23.97,23.75,23.30,9.15,3.00,Catching Rays,3,10.00,7.0,1.0,2.0,14.3,28.6,
BetDeluxe Rockhampton,QLD,4,Betdeluxe Same Race Multi,2026-03-18T20:37:00+11:00,407m,4th/5th Grade,8,Rachel Sparkles,434623,,23.97,,RM,4,,,,,,,https://www.thedogs.com.au/dogs/434623/rachel-sparkles,7th/7,7.0,28.2,407.0,2026-03-08,ROCK,R/W,24.67,23.45,23.35,9.62,17.25,Wyndra All Smoke,7,34.00,1st/8,5.0,27.8,407.0,2026-02-25,ROCK,P5,24.15,24.15,23.53,9.10,0.03,She&#39;s Full On,1,4.80,8th/8,1.0,28.6,407.0,2026-02-15,ROCK,5,24.93,23.70,23.56,9.49,17.50,Canya Wow Me,8,19.00,8th/8,6.0,27.6,407.0,2026-02-04,ROCK,R/W,24.67,23.54,23.30,9.55,16.25,Quick Shot,8,71.00,3rd/8,8.0,27.6,407.0,2026-01-28,ROCK,R/W,24.56,23.54,23.54,9.16,14.50,Wyndra All Smoke,3,15.00,2.0,0.0,2.0,0.0,100.0,
BetDeluxe Rockhampton,QLD,5,Deluxe Your Punting,2026-03-18T21:00:00+11:00,407m,4th Grade,1,Bargara Killian,429611,Jeff Kuhl,23.72,2441,FR,4,65: 8-15-10,9.35,,,,,,,,,,,,,,,,,,,,,,,,,,,,,,,,,,,,,,,,,,,,,,,,,,,,,,,,,,,,,,,,,,,,,,,,,,,,,,,,,,,,,,
BetDeluxe Rockhampton,QLD,5,Deluxe Your Punting,2026-03-18T21:00:00+11:00,407m,4th Grade,2,Quinlan,432330,Juanita Thompson,23.88,4414,FM,4,36: 5-3-7,9.46,,,,,,,,,,,,,,,,,,,,,,,,,,,,,,,,,,,,,,,,,,,,,,,,,,,,,,,,,,,,,,,,,,,,,,,,,,,,,,,,,,,,,,
BetDeluxe Rockhampton,QLD,5,Deluxe Your Punting,2026-03-18T21:00:00+11:00,407m,4th Grade,3,Sirius Billy,437301,Kelly Suli,23.76,5761,FR,4,18: 3-1-1,9.43,,,,,,,,,,,,,,,,,,,,,,,,,,,,,,,,,,,,,,,,,,,,,,,,,,,,,,,,,,,,,,,,,,,,,,,,,,,,,,,,,,,,,,
BetDeluxe Rockhampton,QLD,5,Deluxe Your Punting,2026-03-18T21:00:00+11:00,407m,4th Grade,4,Swerve,355766,Mark Bube,23.65,1627,FR,4,93: 13-16-15,9.29,,,,,,,,,,,,,,,,,,,,,,,,,,,,,,,,,,,,,,,,,,,,,,,,,,,,,,,,,,,,,,,,,,,,,,,,,,,,,,,,,,,,,,
BetDeluxe Rockhampton,QLD,5,Deluxe Your Punting,2026-03-18T21:00:00+11:00,407m,4th Grade,6,Bahama Blue,426557,Christine Pollard,23.77,3731,GR,4,35: 8-7-6,9.13,,,,,,,,,,,,,,,,,,,,,,,,,,,,,,,,,,,,,,,,,,,,,,,,,,,,,,,,,,,,,,,,,,,,,,,,,,,,,,,,,,,,,,
BetDeluxe Rockhampton,QLD,5,Deluxe Your Punting,2026-03-18T21:00:00+11:00,407m,4th Grade,7,Spring Oliver,422220,Kelly Suli,23.98,5156,FM,4,10: 1-0-1,9.39,,,,,,,,,,,,,,,,,,,,,,,,,,,,,,,,,,,,,,,,,,,,,,,,,,,,,,,,,,,,,,,,,,,,,,,,,,,,,,,,,,,,,,
BetDeluxe Rockhampton,QLD,5,Deluxe Your Punting,2026-03-18T21:00:00+11:00,407m,4th Grade,8,Can't Touch Me,437263,Amber Boody,23.66,2157,RM,4,25: 6-3-0,9.39,,,,,,,,,,,,,,,,,,,,,,,,,,,,,,,,,,,,,,,,,,,,,,,,,,,,,,,,,,,,,,,,,,,,,,,,,,,,,,,,,,,,,,
BetDeluxe Rockhampton,QLD,6,Dynamic Electrical,2026-03-18T21:20:00+11:00,407m,Free For All,1,Exploitation,434998,Juanita Thompson,23.56,1131,GR,FFA,27: 9-6-5,9.26,,,,,,,,,,,,,,,,,,,,,,,,,,,,,,,,,,,,,,,,,,,,,,,,,,,,,,,,,,,,,,,,,,,,,,,,,,,,,,,,,,,,,,
BetDeluxe Rockhampton,QLD,6,Dynamic Electrical,2026-03-18T21:20:00+11:00,407m,Free For All,2,Edgewood,422513,Christine Pollard,23.35,4123,GM,3,41: 15-10-5,9.12,,,,,,,,,,,,,,,,,,,,,,,,,,,,,,,,,,,,,,,,,,,,,,,,,,,,,,,,,,,,,,,,,,,,,,,,,,,,,,,,,,,,,,
BetDeluxe Rockhampton,QLD,6,Dynamic Electrical,2026-03-18T21:20:00+11:00,407m,Free For All,3,Hudson Riverline,437176,Amber Boody,23.68,6447,FR,3,19: 6-5-3,9.18,,,,,,,,,,,,,,,,,,,,,,,,,,,,,,,,,,,,,,,,,,,,,,,,,,,,,,,,,,,,,,,,,,,,,,,,,,,,,,,,,,,,,,
BetDeluxe Rockhampton,QLD,6,Dynamic Electrical,2026-03-18T21:20:00+11:00,407m,Free For All,4,Farmor Bacardi,433554,Steven Scott,23.48,3482,FR,FFA,23: 9-5-2,9.19,,,,,,,,,,,,,,,,,,,,,,,,,,,,,,,,,,,,,,,,,,,,,,,,,,,,,,,,,,,,,,,,,,,,,,,,,,,,,,,,,,,,,,
BetDeluxe Rockhampton,QLD,6,Dynamic Electrical,2026-03-18T21:20:00+11:00,407m,Free For All,6,Swan's Spirit,431115,Phil Carter,NBT,4643,FM,3,0: 0-0-0,,,,,,,,,,,,,,,,,,,,,,,,,,,,,,,,,,,,,,,,,,,,,,,,,,,,,,,,,,,,,,,,,,,,,,,,,,,,,,,,,,,,,,,
BetDeluxe Rockhampton,QLD,6,Dynamic Electrical,2026-03-18T21:20:00+11:00,407m,Free For All,7,Sing My Song,437171,Amber Boody,23.49,5118,FR,FFA,27: 10-3-4,9.18,,,,,,,,,,,,,,,,,,,,,,,,,,,,,,,,,,,,,,,,,,,,,,,,,,,,,,,,,,,,,,,,,,,,,,,,,,,,,,,,,,,,,,
BetDeluxe Rockhampton,QLD,6,Dynamic Electrical,2026-03-18T21:20:00+11:00,407m,Free For All,8,Farmor Jacuzzis,437564,Steven Scott,23.55,1215,RM,FFA,16: 10-2-1,9.08,,,,,,,,,,,,,,,,,,,,,,,,,,,,,,,,,,,,,,,,,,,,,,,,,,,,,,,,,,,,,,,,,,,,,,,,,,,,,,,,,,,,,,
BetDeluxe Rockhampton,QLD,7,Anniversary Cup H,2026-03-18T21:44:00+11:00,510m,4th/5th Grade,1,Dream Design,435261,Christine Pollard,30.64,1425,GR,5,1: 0-0-1,4.74,,,,,,,,,,,,,,,,,,,,,,,,,,,,,,,,,,,,,,,,,,,,,,,,,,,,,,,,,,,,,,,,,,,,,,,,,,,,,,,,,,,,,,
BetDeluxe Rockhampton,QLD,7,Anniversary Cup H,2026-03-18T21:44:00+11:00,510m,4th/5th Grade,2,Winter Bale,426970,Juanita Thompson,29.94,3466,FR,4,9: 2-2-2,4.85,,,,,,,,,,,,,,,,,,,,,,,,,,,,,,,,,,,,,,,,,,,,,,,,,,,,,,,,,,,,,,,,,,,,,,,,,,,,,,,,,,,,,,
BetDeluxe Rockhampton,QLD,7,Anniversary Cup H,2026-03-18T21:44:00+11:00,510m,4th/5th Grade,3,Canya Wow Me,439208,Steven Scott,30.03,6167,FR,4,5: 2-1-0,4.85,,,,,,,,,,,,,,,,,,,,,,,,,,,,,,,,,,,,,,,,,,,,,,,,,,,,,,,,,,,,,,,,,,,,,,,,,,,,,,,,,,,,,,
BetDeluxe Rockhampton,QLD,7,Anniversary Cup H,2026-03-18T21:44:00+11:00,510m,4th/5th Grade,4,Peaky Warlock,429910,Jamie Hosking,NBT,1477,FM,5,0: 0-0-0,,,,,,,,,,,,,,,,,,,,,,,,,,,,,,,,,,,,,,,,,,,,,,,,,,,,,,,,,,,,,,,,,,,,,,,,,,,,,,,,,,,,,,,
BetDeluxe Rockhampton,QLD,7,Anniversary Cup H,2026-03-18T21:44:00+11:00,510m,4th/5th Grade,5,Bright Side,437173,Amber Boody,30.24,2516,FM,5,6: 1-1-1,4.93,,,,,,,,,,,,,,,,,,,,,,,,,,,,,,,,,,,,,,,,,,,,,,,,,,,,,,,,,,,,,,,,,,,,,,,,,,,,,,,,,,,,,,
BetDeluxe Rockhampton,QLD,7,Anniversary Cup H,2026-03-18T21:44:00+11:00,510m,4th/5th Grade,6,Canya Scarlet,430423,Ken Boody,NBT,1311,FR,4,0: 0-0-0,,,,,,,,,,,,,,,,,,,,,,,,,,,,,,,,,,,,,,,,,,,,,,,,,,,,,,,,,,,,,,,,,,,,,,,,,,,,,,,,,,,,,,,
BetDeluxe Rockhampton,QLD,7,Anniversary Cup H,2026-03-18T21:44:00+11:00,510m,4th/5th Grade,7,Jalapeno Popper,437155,Ken Boody,30.16,2315,RM,4,10: 2-3-3,4.89,,,,,,,,,,,,,,,,,,,,,,,,,,,,,,,,,,,,,,,,,,,,,,,,,,,,,,,,,,,,,,,,,,,,,,,,,,,,,,,,,,,,,,
BetDeluxe Rockhampton,QLD,7,Anniversary Cup H,2026-03-18T21:44:00+11:00,510m,4th/5th Grade,8,Abraxas Bale,426229,Timothy Jones,30.93,3288,FM,4,2: 0-0-0,4.92,,,,,,,,,,,,,,,,,,,,,,,,,,,,,,,,,,,,,,,,,,,,,,,,,,,,,,,,,,,,,,,,,,,,,,,,,,,,,,,,,,,,,,
BetDeluxe Rockhampton,QLD,8,Anniversary Cup H,2026-03-18T22:02:00+11:00,510m,4th/5th Grade,1,Kej Stefani,439672,Steven Scott,NBT,2514,FR,5,0: 0-0-0,,,,,,,,,,,,,,,,,,,,,,,,,,,,,,,,,,,,,,,,,,,,,,,,,,,,,,,,,,,,,,,,,,,,,,,,,,,,,,,,,,,,,,,
BetDeluxe Rockhampton,QLD,8,Anniversary Cup H,2026-03-18T22:02:00+11:00,510m,4th/5th Grade,2,Quick Shot,435301,Juanita Thompson,NBT,2161,GR,5,0: 0-0-0,,,,,,,,,,,,,,,,,,,,,,,,,,,,,,,,,,,,,,,,,,,,,,,,,,,,,,,,,,,,,,,,,,,,,,,,,,,,,,,,,,,,,,,
BetDeluxe Rockhampton,QLD,8,Anniversary Cup H,2026-03-18T22:02:00+11:00,510m,4th/5th Grade,3,Tough One,439311,Garry Cluse,NBT,3151,FR,5,0: 0-0-0,,,,,,,,,,,,,,,,,,,,,,,,,,,,,,,,,,,,,,,,,,,,,,,,,,,,,,,,,,,,,,,,,,,,,,,,,,,,,,,,,,,,,,,
BetDeluxe Rockhampton,QLD,8,Anniversary Cup H,2026-03-18T22:02:00+11:00,510m,4th/5th Grade,4,Non Stop Tommy,429492,Jamie Hosking,NBT,1151,FR,4,0: 0-0-0,,,,,,,,,,,,,,,,,,,,,,,,,,,,,,,,,,,,,,,,,,,,,,,,,,,,,,,,,,,,,,,,,,,,,,,,,,,,,,,,,,,,,,,
BetDeluxe Rockhampton,QLD,8,Anniversary Cup H,2026-03-18T22:02:00+11:00,510m,4th/5th Grade,5,Zipping Gatsby,433789,Ben Davey,29.99,5424,FR,5,2: 0-1-0,4.94,,,,,,,,,,,,,,,,,,,,,,,,,,,,,,,,,,,,,,,,,,,,,,,,,,,,,,,,,,,,,,,,,,,,,,,,,,,,,,,,,,,,,,
BetDeluxe Rockhampton,QLD,8,Anniversary Cup H,2026-03-18T22:02:00+11:00,510m,4th/5th Grade,6,Rolling Along,437870,Ken Boody,30.13,1653,RM,4,2: 0-0-1,4.92,,,,,,,,,,,,,,,,,,,,,,,,,,,,,,,,,,,,,,,,,,,,,,,,,,,,,,,,,,,,,,,,,,,,,,,,,,,,,,,,,,,,,,
BetDeluxe Rockhampton,QLD,8,Anniversary Cup H,2026-03-18T22:02:00+11:00,510m,4th/5th Grade,7,Abraxos,438402,Ken Boody,30.06,3513,GR,5,1: 1-0-0,4.90,,,,,,,,,,,,,,,,,,,,,,,,,,,,,,,,,,,,,,,,,,,,,,,,,,,,,,,,,,,,,,,,,,,,,,,,,,,,,,,,,,,,,,
BetDeluxe Rockhampton,QLD,8,Anniversary Cup H,2026-03-18T22:02:00+11:00,510m,4th/5th Grade,8,Bushman's Archie,426531,Jeff Kuhl,NBT,1231,RM,4,0: 0-0-0,,,,,,,,,,,,,,,,,,,,,,,,,,,,,,,,,,,,,,,,,,,,,,,,,,,,,,,,,,,,,,,,,,,,,,,,,,,,,,,,,,,,,,,
BetDeluxe Rockhampton,QLD,9,Place a Srm with Betdeluxe,2026-03-18T22:20:00+11:00,407m,5th Grade,1,Bella Matilda,438183,Phil Carter,24.05,4624,RM,5,11: 1-1-1,9.53,,,,,,,,,,,,,,,,,,,,,,,,,,,,,,,,,,,,,,,,,,,,,,,,,,,,,,,,,,,,,,,,,,,,,,,,,,,,,,,,,,,,,,
BetDeluxe Rockhampton,QLD,9,Place a Srm with Betdeluxe,2026-03-18T22:20:00+11:00,407m,5th Grade,2,Sunburnt Dawn,435476,Garry Cluse,23.96,3542,FR,5,33: 3-6-9,9.38,,,,,,,,,,,,,,,,,,,,,,,,,,,,,,,,,,,,,,,,,,,,,,,,,,,,,,,,,,,,,,,,,,,,,,,,,,,,,,,,,,,,,,
BetDeluxe Rockhampton,QLD,9,Place a Srm with Betdeluxe,2026-03-18T22:20:00+11:00,407m,5th Grade,3,Mustang Beach,434400,Kelly Suli,24.06,6357,FR,5,51: 2-4-10,9.47,,,,,,,,,,,,,,,,,,,,,,,,,,,,,,,,,,,,,,,,,,,,,,,,,,,,,,,,,,,,,,,,,,,,,,,,,,,,,,,,,,,,,,
BetDeluxe Rockhampton,QLD,9,Place a Srm with Betdeluxe,2026-03-18T22:20:00+11:00,407m,5th Grade,4,How's Warren,435535,Les Wisener,23.94,7737,FR,5,25: 4-3-3,9.43,,,,,,,,,,,,,,,,,,,,,,,,,,,,,,,,,,,,,,,,,,,,,,,,,,,,,,,,,,,,,,,,,,,,,,,,,,,,,,,,,,,,,,
BetDeluxe Rockhampton,QLD,9,Place a Srm with Betdeluxe,2026-03-18T22:20:00+11:00,407m,5th Grade,5,Agrari Beach,439614,Kelly Suli,24.20,6466,FM,5,15: 2-1-0,9.37,,,,,,,,,,,,,,,,,,,,,,,,,,,,,,,,,,,,,,,,,,,,,,,,,,,,,,,,,,,,,,,,,,,,,,,,,,,,,,,,,,,,,,
BetDeluxe Rockhampton,QLD,9,Place a Srm with Betdeluxe,2026-03-18T22:20:00+11:00,407m,5th Grade,6,Bev Beach,430184,Kelly Suli,24.09,3862,RR,5,45: 3-3-7,9.39,,,,,,,,,,,,,,,,,,,,,,,,,,,,,,,,,,,,,,,,,,,,,,,,,,,,,,,,,,,,,,,,,,,,,,,,,,,,,,,,,,,,,,
BetDeluxe Rockhampton,QLD,9,Place a Srm with Betdeluxe,2026-03-18T22:20:00+11:00,407m,5th Grade,8,Crisp Ride On,437609,Juanita Thompson,23.87,3262,FM,5,1: 0-1-0,8.98,,,,,,,,,,,,,,,,,,,,,,,,,,,,,,,,,,,,,,,,,,,,,,,,,,,,,,,,,,,,,,,,,,,,,,,,,,,,,,,,,,,,,,
