venue,state,race_number,race_name,race_time,distance,grade,box,dog_name,trainer,best_time,last_4_starts,trait,runner_grade,track_dist_record,speedmap_sectional,box_starts,box_wins,box_win_pct,box_place_pct,speed_score,form_score,box_bias,class_rating,early_speed,consistency,track_fitness,composite,win_prob,implied_odds,predicted_rank
Angle Park,SA,8,Follow Thedogssa on X (n/p) Tg 5+w Series 2 F Pr2,2026-03-18T20:41:00+11:00,342m,Other,2,Life's A Joke,,19.86,5531,FM,6,24: 4-2-8,4.76,,,,,0.5053446491236784,0.5653153153153154,0.15,0.5,0.2857142857142866,0.5,0.1289473684210527,0.5710872346831255,0.20355107506137743,4.912771891273317,1
Angle Park,SA,8,Follow Thedogssa on X (n/p) Tg 5+w Series 2 F Pr2,2026-03-18T20:41:00+11:00,342m,Other,1,Let's Go Pies,,19.75,5251,FM,6,46: 5-7-9,4.8,,,,,0.49978061765694176,0.6272522522522523,0.18,0.5,0.0,0.5,0.13377192982456143,0.5503826995711232,0.19617141373339742,5.097582675114065,2
Angle Park,SA,8,Follow Thedogssa on X (n/p) Tg 5+w Series 2 F Pr2,2026-03-18T20:41:00+11:00,342m,Other,4,Slipper's Appeal,Barry Jones,19.59,4668,FS,6,49: 6-6-2,4.66,,,,,0.5024667592957983,0.3558558558558559,0.11,0.5,1.0,0.5,0.14078947368421046,0.5237023337894685,0.1866618032780001,5.3572824350714905,3
Angle Park,SA,8,Follow Thedogssa on X (n/p) Tg 5+w Series 2 F Pr2,2026-03-18T20:41:00+11:00,342m,Other,5,Dawn Said So,Kevin Bewley,19.98,1115,GM,6,10: 5-0-1,4.79,,,,,0.498437543211878,0.9195624195624196,0.1,0.5,0.07142857142857006,0.5,0.12368421052631584,0.47102571815881034,0.16788641995470646,5.956407911192501,4
Angle Park,SA,9,Www.gapsa.org.au (n/p) Tg 5+w Series 3 F Pr2 Divis,2026-03-18T21:06:00+11:00,342m,Other,8,Here Comes Shaka,Kevin Bewley,19.86,3413,FM,6,14: 3-1-4,4.77,,,,,0.5050654494122003,0.7311776061776062,0.13,0.5,0.733333333333338,0.5,0.1289473684210527,0.6802918586789564,0.22610097742196247,4.422802640670337,1
Angle Park,SA,9,Www.gapsa.org.au (n/p) Tg 5+w Series 3 F Pr2 Divis,2026-03-18T21:06:00+11:00,342m,Other,1,Spare,Wendy Sebastyan,20.00,2611,GM,6,34: 6-6-7,4.73,,,,,0.49796063437268767,0.7477477477477479,0.18,0.5,1.0,0.5,0.1228070175438597,0.5631824815641103,0.18717864681762159,5.342489739090564,2
Angle Park,SA,9,Www.gapsa.org.au (n/p) Tg 5+w Series 3 F Pr2 Divis,2026-03-18T21:06:00+11:00,342m,Other,5,Wait And See,Don Turner,19.98,1432,RR,6,17: 2-3-5,4.77,,,,,0.4987500664656716,0.8053410553410555,0.1,0.5,0.733333333333338,0.5,0.12368421052631584,0.4836759388100575,0.16075394865492335,6.220687008731673,3
Angle Park,SA,9,Www.gapsa.org.au (n/p) Tg 5+w Series 3 F Pr2 Divis,2026-03-18T21:06:00+11:00,342m,Other,2,Rafferty Blues,Tania Foster,19.67,5632,RM,5,26: 5-6-6,4.88,,,,,0.5021051681055798,0.5057915057915059,0.15,0.5,0.0,0.5,0.1372807017543859,0.4521317099056901,0.15026994697783522,6.654690575937315,4
Angle Park,SA,10,We Love Our Dogs (n/p) Tg 5+w Series 4 F Pr2 Divis,2026-03-18T21:27:00+11:00,342m,Other,2,Brindle Benny,Bob Isaacson,19.46,2443,GR,5,41: 9-11-12,4.67,,,,,0.5037825821667591,0.701898326898327,0.15,0.5,1.0,0.5,0.14649122807017545,0.6608695558087322,0.21990369981819968,4.547445089949496,1
Angle Park,SA,10,We Love Our Dogs (n/p) Tg 5+w Series 4 F Pr2 Divis,2026-03-18T21:27:00+11:00,342m,Other,8,Elegant Cindy,Marcello Calicchio,19.68,1131,ER,6,17: 7-2-2,4.67,,,,,0.49967102242210326,0.9436936936936937,0.13,0.5,1.0,0.5,0.13684210526315788,0.6556978499169788,0.21818281972927436,4.5833122939781425,2
Angle Park,SA,10,We Love Our Dogs (n/p) Tg 5+w Series 4 F Pr2 Divis,2026-03-18T21:27:00+11:00,342m,Other,1,Crying Tiger,Heidi Drganc,19.75,2361,GS,6,33: 4-5-9,4.74,,,,,0.5011100833081331,0.7252252252252253,0.18,0.5,0.4999999999999968,0.5,0.13377192982456143,0.5844164116745054,0.1944639907105882,5.142340216026184,3
Angle Park,SA,10,We Love Our Dogs (n/p) Tg 5+w Series 4 F Pr2 Divis,2026-03-18T21:27:00+11:00,342m,Other,4,Optimistic Reign,Neil,NBT,4735,RM,6,0: 0-0-0,,,,,,0.502549132426023,0.4612290862290862,0.11,0.5,0.4999999999999968,0.5,0.5,0.5320825461886072,0.17704994803759244,5.648123657103097,4
Angle Park,SA,11,Fresh Pet Food Co (n/p) Tg 5+w Series 5 F Pr2 Divi,2026-03-18T21:50:00+11:00,342m,Other,1,Elegant Zephyr,Lester Harris,19.77,1211,GM,6,34: 10-6-2,4.79,,,,,0.5040910020734176,0.9605855855855856,0.18,0.5,0.2142857142857152,0.5,0.1328947368421053,0.7164285714285715,0.2248422015628811,4.447563638182632,1
Angle Park,SA,11,Fresh Pet Food Co (n/p) Tg 5+w Series 5 F Pr2 Divi,2026-03-18T21:50:00+11:00,342m,Other,8,Sudoku Rosie,,19.67,5125,GM,6,28: 6-6-5,4.77,,,,,0.5028606419333556,0.6706885456885457,0.13,0.5,0.35714285714286076,0.5,0.1372807017543859,0.6367220837784573,0.1998273112070139,5.004320950723477,2
Angle Park,SA,11,Fresh Pet Food Co (n/p) Tg 5+w Series 5 F Pr2 Divi,2026-03-18T21:50:00+11:00,342m,Other,5,Blue Energy,Bob Isaacson,19.71,3463,GM,5,48: 14-9-6,4.7,,,,,0.5035988619302441,0.5904118404118405,0.1,0.5,0.8571428571428544,0.5,0.1355263157894736,0.6024500190221973,0.189071449702862,5.289005831242975,3
Angle Park,SA,11,Fresh Pet Food Co (n/p) Tg 5+w Series 5 F Pr2 Divi,2026-03-18T21:50:00+11:00,342m,Other,2,Hayden's Milk,Neil,19.69,6233,GM,6,8: 2-1-0,4.68,,,,,0.49301776426198096,0.5881595881595881,0.15,0.5,1.0,0.5,0.13640350877192986,0.4430678376741388,0.13905133329023134,7.191588720064809,4
Angle Park,SA,12,Sky Racing (n/p) Tg 5+w Series 6 F Pr2 Division1,2026-03-18T22:11:00+11:00,342m,Other,4,Starlet Edition,,19.58,2352,FR,5,22: 6-4-4,4.9,,,,,0.5037832816336713,0.7332689832689834,0.11,0.5,0.0,0.5,0.1412280701754387,0.6274318388365011,0.21082881083803276,4.743184747971854,1
Angle Park,SA,12,Sky Racing (n/p) Tg 5+w Series 6 F Pr2 Division1,2026-03-18T22:11:00+11:00,342m,Other,2,Minh Jack,Don Turner,19.59,5443,FM,5,22: 4-2-7,4.72,,,,,0.5059977525188756,0.5363577863577865,0.15,0.5,0.6923076923076928,0.5,0.14078947368421046,0.6002196181399717,0.2016849966822988,4.958227019609369,2
Angle Park,SA,12,Sky Racing (n/p) Tg 5+w Series 6 F Pr2 Division1,2026-03-18T22:11:00+11:00,342m,Other,1,Victa Bob,Kevin Bewley,19.79,4234,RM,6,4: 1-1-1,4.78,,,,,0.5003998534916613,0.6784105534105535,0.18,0.5,0.4615384615384608,0.5,0.13201754385964914,0.5571890716977927,0.18722592977721722,5.341140520385793,3
Angle Park,SA,12,Sky Racing (n/p) Tg 5+w Series 6 F Pr2 Division1,2026-03-18T22:11:00+11:00,342m,Other,7,Shaka Goes Bang,Kevin Bewley,19.72,5113,ER,5,19: 5-2-5,4.65,,,,,0.49541703303781004,0.739060489060489,0.1,0.5,0.961538461538459,0.5,0.1350877192982457,0.4887362637362635,0.16422450841515251,6.089225108057823,4
Ballarat,VIC,8,Alsop and Co Catering,2026-03-18T20:53:00+11:00,450m,Mixed 4/5,1,Lektra Skip,Philip Lenehan,NBT,5343,,5,0: 0-0-0,,,,,,0.5010155177015522,0.5757722007722008,0.16,0.5,0.6874999999999987,0.5,0.5,0.6852181302510744,0.2780368435102147,3.5966456365099018,1
Ballarat,VIC,8,Alsop and Co Catering,2026-03-18T20:53:00+11:00,450m,Mixed 4/5,8,Still Believe,Tracey Deglaitis,26.02,5112,,5,2: 0-0-0,6.86,,,,,0.5,0.7591698841698842,0.12,0.5,0.0,0.5,0.1326666666666667,0.5559788737447448,0.22559620694465804,4.432698641273318,2
Ballarat,VIC,8,Alsop and Co Catering,2026-03-18T20:53:00+11:00,450m,Mixed 4/5,3,Paw Ultra,Correy Grenfell,25.55,8313,,4,1: 0-0-0,6.54,,,,,0.5017894070681287,0.4946911196911198,0.12,0.5,1.0,0.5,0.14833333333333332,0.4702764652233034,0.19082125559041793,5.240506341423607,3
Ballarat,VIC,8,Alsop and Co Catering,2026-03-18T20:53:00+11:00,450m,Mixed 4/5,5,Blanket Game,Peter Inguanti,25.33,6165,,5,3: 2-0-0,6.65,,,,,0.502563289873734,0.502895752895753,0.11,0.5,0.6562499999999993,0.5,0.15566666666666673,0.43371116053095227,0.17598437161169805,5.68232275878711,4
Ballarat,VIC,9,Happy Horse Produce,2026-03-18T21:13:00+11:00,390m,Mixed 3/4,3,Lilly Zoom,Michelle Mallia,21.88,2322,,4,10: 3-4-3,8.35,,,,,0.5,0.8177284427284427,0.12,0.5,0.9629629629629637,0.5,0.15846153846153854,0.614235463514514,0.15695305554247257,6.371331838961193,1
Ballarat,VIC,9,Happy Horse Produce,2026-03-18T21:13:00+11:00,390m,Mixed 3/4,2,Paw Estrella,Luke Harris,22.04,1131,,3,11: 3-2-2,8.51,,,,,0.5,0.9436936936936937,0.13,0.5,0.3703703703703697,0.5,0.15230769230769226,0.6043918757467219,0.15443776414458513,6.475100216186741,2
Ballarat,VIC,9,Happy Horse Produce,2026-03-18T21:13:00+11:00,390m,Mixed 3/4,7,Lektra Princess,Sharon Bradley,22.02,2212,,4,4: 1-1-0,8.47,,,,,0.5,0.8852960102960103,0.12,0.5,0.5185185185185148,0.5,0.153076923076923,0.5746858422406247,0.1468471038786481,6.809804031452895,3
Ballarat,VIC,9,Happy Horse Produce,2026-03-18T21:13:00+11:00,390m,Mixed 3/4,6,Flying Currency,Kim Erenshaw,22.21,2211,,4,1: 1-0-0,8.4,,,,,0.5,0.9054054054054055,0.11,0.5,0.7777777777777756,0.5,0.14576923076923076,0.5541438295940401,0.14159808808033222,7.062242248869027,4
Ballarat,VIC,10,Greyhound Clubs Victoria,2026-03-18T21:33:00+11:00,390m,Grade 5,4,Mauritian Lucas,Shane Jackson,22.38,1522,,5,19: 4-6-2,8.62,,,,,0.5020861371175814,0.7940797940797941,0.11,0.5,0.9259259259259274,0.5,0.13923076923076927,0.617461360357406,0.2063147800813774,4.846962489093446,1
Ballarat,VIC,10,Greyhound Clubs Victoria,2026-03-18T21:33:00+11:00,390m,Grade 5,7,Super Seafarer,,22.34,1456,,5,9: 0-2-2,8.77,,,,,0.5038186555799514,0.6685971685971687,0.12,0.5,0.3703703703703697,0.5,0.14076923076923076,0.5411241369575158,0.1808079249663383,5.530731024019959,2
Ballarat,VIC,10,Greyhound Clubs Victoria,2026-03-18T21:33:00+11:00,390m,Grade 5,2,Paw Nelly,Mark Delbridge,22.23,3464,,5,4: 2-1-0,8.6,,,,,0.49911603677298105,0.5703024453024453,0.13,0.5,1.0,0.5,0.14500000000000002,0.4083423998865978,0.13644104366585863,7.32917290231948,3
Ballarat,VIC,10,Greyhound Clubs Victoria,2026-03-18T21:33:00+11:00,390m,Grade 5,1,Key Begonia,Donna Knight,22.66,5525,,5,6: 0-0-1,8.87,,,,,0.5015911237459264,0.513030888030888,0.16,0.5,0.0,0.5,0.12846153846153852,0.40681860265266245,0.13593189133440584,7.3566253671840816,4
Ballarat,VIC,11,Sportsbet Fast Form,2026-03-18T21:56:00+11:00,390m,Grade 5,3,Slick Ivan,David Geall,21.89,1242,,5,3: 0-2-0,8.41,,,,,0.49989036103741724,0.8560167310167311,0.12,0.5,1.0,0.5,0.158076923076923,0.5695446235329534,0.18811770647559933,5.315820709996321,1
Ballarat,VIC,11,Sportsbet Fast Form,2026-03-18T21:56:00+11:00,390m,Grade 5,6,Lochinvar Cosmo,Jack Osborne,NBT,2111,,5,0: 0-0-0,,,,,,0.4975878333870711,0.9448198198198199,0.11,0.5,0.8482142857142844,0.5,0.5,0.5495937464396734,0.181528032750504,5.508791038210728,2
Ballarat,VIC,11,Sportsbet Fast Form,2026-03-18T21:56:00+11:00,390m,Grade 5,2,Moyarra Kongk,Steven Waycott,22.39,1413,,5,1: 0-0-0,8.97,,,,,0.49989036103741724,0.8415379665379665,0.13,0.5,0.0,0.5,0.13884615384615384,0.5194387367465618,0.17156798567459758,5.828593231237432,3
Ballarat,VIC,11,Sportsbet Fast Form,2026-03-18T21:56:00+11:00,390m,Grade 5,4,Come And See,Ebony Deglaitis,21.91,3123,,5,6: 0-3-2,8.41,,,,,0.49989036103741724,0.8212676962676964,0.11,0.5,1.0,0.5,0.15730769230769226,0.49773775262957975,0.16440026045751654,6.082715424033132,4
Ballarat,VIC,12,Two More Races to Go,2026-03-18T22:17:00+11:00,390m,Grade 5,8,Collective Kaos,Catherine,22.17,3123,,5,5: 1-3-1,8.49,,,,,0.5074942034569386,0.8212676962676964,0.12,0.5,0.9000000000000018,0.5,0.14730769230769225,0.7690000000000001,0.1946578776013414,5.137218243219502,1
Ballarat,VIC,12,Two More Races to Go,2026-03-18T22:17:00+11:00,390m,Grade 5,1,Lektra Bills,Sharon Bradley,22.22,7172,,5,2: 0-0-0,8.63,,,,,0.5065545826994925,0.479890604890605,0.16,0.5,0.43333333333333157,0.5,0.14538461538461533,0.5760431297950296,0.14581447731174835,6.85802958962724,2
Ballarat,VIC,12,Two More Races to Go,2026-03-18T22:17:00+11:00,390m,Grade 5,2,Aston Warrior,Bruno Panetta,22.02,3166,,5,46: 10-6-9,8.47,,,,,0.49866086368472606,0.6483268983268984,0.13,0.5,0.9666666666666672,0.5,0.153076923076923,0.5613389170895554,0.1420923825951732,7.037674938909564,3
Ballarat,VIC,12,Two More Races to Go,2026-03-18T22:17:00+11:00,390m,Grade 5,7,Fancy Faye,Chloe Dew,22.52,5132,,5,3: 0-1-1,8.63,,,,,0.502043999206684,0.7028635778635779,0.12,0.5,0.43333333333333157,0.5,0.13384615384615384,0.5087380653906232,0.12877746692321343,7.7653336712724235,4
Ballarat,VIC,13,Ballarat Race 13,2026-03-18T22:37:00+11:00,390m,Grade 5,1,Bragging Rights,Mark,22.22,1565,,5,2: 0-0-0,8.51,,,,,0.5009319804430404,0.6211389961389961,0.16,0.5,1.0,0.5,0.14538461538461533,0.6529679237301668,0.21466874669540373,4.658339955833966,1
Ballarat,VIC,13,Ballarat Race 13,2026-03-18T22:37:00+11:00,390m,Grade 5,2,Paw Qwerty,Samantha Grenfell,NBT,5411,,5,0: 0-0-0,,,,,,0.5001644836501964,0.6610360360360361,0.13,0.5,0.3214285714285696,0.5,0.5,0.6230010335645059,0.20481687722305336,4.882410148803128,2
Ballarat,VIC,13,Ballarat Race 13,2026-03-18T22:37:00+11:00,390m,Grade 5,4,Vinny Dewalt,Alfred King,22.32,4713,,5,48: 6-6-6,8.65,,,,,0.50726346087095,0.5577541827541828,0.11,0.5,0.0,0.5,0.1415384615384615,0.5086377613154072,0.16721898086475623,5.980182362245004,3
Ballarat,VIC,13,Ballarat Race 13,2026-03-18T22:37:00+11:00,390m,Grade 5,3,Sumo Smash,Donna Pace,22.07,4534,,5,17: 3-1-3,8.64,,,,,0.49805387252465166,0.5601673101673101,0.12,0.5,0.07142857142856962,0.5,0.15115384615384608,0.37258215493859986,0.12248954555812716,8.163962038094525,4
Ballarat,VIC,14,Ballarat Race 14,2026-03-18T22:53:00+11:00,390m,Grade 5,4,Paw Amaran,Nikita  Harris,22.30,4711,,5,13: 2-2-3,8.62,,,,,0.5069065963560437,0.597972972972973,0.11,0.5,0.5483870967741955,0.5,0.14230769230769236,0.6104863833810479,0.2058843097705221,4.857096692383195,1
Ballarat,VIC,14,Ballarat Race 14,2026-03-18T22:53:00+11:00,390m,Grade 5,1,Lucy School,Colin Brennan,22.12,1844,,5,4: 2-0-0,8.48,,,,,0.48840708615606293,0.5793114543114544,0.16,0.5,1.0,0.5,0.14923076923076917,0.5705052264808362,0.19240081019328556,5.197483310987108,2
Ballarat,VIC,14,Ballarat Race 14,2026-03-18T22:53:00+11:00,390m,Grade 5,8,Aston Cleese,Catherine,22.39,3412,,5,5: 0-2-0,8.69,,,,,0.4988212776997098,0.7512870012870013,0.12,0.5,0.3225806451612905,0.5,0.13884615384615384,0.5425823440496459,0.1829839197717333,5.464961080992628,3
Ballarat,VIC,14,Ballarat Race 14,2026-03-18T22:53:00+11:00,390m,Grade 5,3,Kate's Rift,Amy Pickering,22.15,4741,,5,13: 2-2-2,8.79,,,,,0.5015621058292978,0.5135135135135135,0.12,0.5,0.0,0.5,0.14807692307692322,0.5149551977534473,0.17366676528481367,5.758154119816759,4
BetDeluxe Rockhampton,QLD,4,Betdeluxe Same Race Multi,2026-03-18T20:37:00+11:00,407m,4th/5th Grade,2,Legends Told,,23.79,,FR,4,,,0.0,0.0,0.0,0.0,0.5050977207057779,0.662309186209201,0.13,0.736,1.0,0.7245333932988531,0.2232186732186733,0.7950060503120541,0.1688794644226722,5.9213830610996965,1
BetDeluxe Rockhampton,QLD,4,Betdeluxe Same Race Multi,2026-03-18T20:37:00+11:00,407m,4th/5th Grade,7,Aston Hayes,,23.79,,FR,4,,,7.0,1.0,14.3,28.6,0.5035771463044127,0.5600789358280954,0.20020000000000002,0.736,0.7468131168272129,1.0,0.2232186732186733,0.7573621476836228,0.1608829440035215,6.215699284929244,2
BetDeluxe Rockhampton,QLD,4,Betdeluxe Same Race Multi,2026-03-18T20:37:00+11:00,407m,4th/5th Grade,6,Miss Manaudou,,23.60,,FM,5,,,2.0,1.0,50.0,50.0,0.500945695600499,0.538155797328433,0.305,0.736,0.6712081923085562,0.4546885540814031,0.23022113022113036,0.6905313064090229,0.14668637697495493,6.817265656310667,3
BetDeluxe Rockhampton,QLD,4,Betdeluxe Same Race Multi,2026-03-18T20:37:00+11:00,407m,4th/5th Grade,4,Indigo Beach,,24.08,,FM,5,,,4.0,0.0,0.0,0.0,0.5034532558353769,0.46547775666325586,0.0,0.79,0.569304312429999,0.6177198111086125,0.11253071253071278,0.5788929480202137,0.12297155597915481,8.131961834893854,4
BetDeluxe Rockhampton,QLD,5,Deluxe Your Punting,2026-03-18T21:00:00+11:00,407m,4th Grade,8,Can't Touch Me,Amber Boody,23.66,2157,RM,4,25: 6-3-0,9.39,,,,,0.5011923744999701,0.7115508365508366,0.12,0.5,0.21212121212121293,0.5,0.12800982800982807,0.6497902723585365,0.18521099143480968,5.39924759461146,1
BetDeluxe Rockhampton,QLD,5,Deluxe Your Punting,2026-03-18T21:00:00+11:00,407m,4th Grade,1,Bargara Killian,Jeff Kuhl,23.72,2441,FR,4,65: 8-15-10,9.35,,,,,0.4986431395169184,0.7421171171171173,0.16,0.5,0.3333333333333369,0.5,0.1257985257985259,0.6364862476903625,0.1814189192790941,5.512104272110696,2
BetDeluxe Rockhampton,QLD,5,Deluxe Your Punting,2026-03-18T21:00:00+11:00,407m,4th Grade,4,Swerve,Mark Bube,23.65,1627,FR,4,93: 13-16-15,9.29,,,,,0.4997944167242508,0.6541184041184042,0.11,0.5,0.5151515151515202,0.5,0.12837837837837862,0.5545111755028418,0.15805340422193204,6.326975397479206,3
BetDeluxe Rockhampton,QLD,5,Deluxe Your Punting,2026-03-18T21:00:00+11:00,407m,4th Grade,6,Bahama Blue,Christine Pollard,23.77,3731,GR,4,35: 8-7-6,9.13,,,,,0.4997944167242508,0.596846846846847,0.11,0.5,1.0,0.5,0.12395577395577406,0.5295841378605711,0.1509484019594322,6.624780302535118,4
BetDeluxe Rockhampton,QLD,6,Dynamic Electrical,2026-03-18T21:20:00+11:00,407m,Free For All,1,Exploitation,Juanita Thompson,23.56,1131,GR,FFA,27: 9-6-5,9.26,,,,,0.50382377610526,0.9436936936936937,0.16,0.5,0.0,0.5,0.13169533169533187,0.6766055827554757,0.21854546319079252,4.5757069737338325,1
BetDeluxe Rockhampton,QLD,6,Dynamic Electrical,2026-03-18T21:20:00+11:00,407m,Free For All,8,Farmor Jacuzzis,Steven Scott,23.55,1215,RM,FFA,16: 10-2-1,9.08,,,,,0.5045225787427193,0.8801480051480052,0.12,0.5,1.0,0.5,0.1320638820638822,0.6745372836250886,0.21787739688600868,4.589737229709928,2
BetDeluxe Rockhampton,QLD,6,Dynamic Electrical,2026-03-18T21:20:00+11:00,407m,Free For All,7,Sing My Song,Amber Boody,23.49,5118,FR,FFA,27: 10-3-4,9.18,,,,,0.5034948574845555,0.6385135135135135,0.12,0.5,0.44444444444444553,0.5,0.13427518427518437,0.4928693420816313,0.15919815236981144,6.281479936256024,3
BetDeluxe Rockhampton,QLD,6,Dynamic Electrical,2026-03-18T21:20:00+11:00,407m,Free For All,2,Edgewood,Christine Pollard,23.35,4123,GM,3,41: 15-10-5,9.12,,,,,0.49823199280598857,0.766087516087516,0.13,0.5,0.7777777777777821,0.5,0.13943488943488946,0.45580945574885134,0.14722770720822817,6.792199776538479,4
BetDeluxe Rockhampton,QLD,7,Anniversary Cup H,2026-03-18T21:44:00+11:00,510m,4th/5th Grade,1,Dream Design,Christine Pollard,30.64,1425,GR,5,1: 0-0-1,4.74,,,,,0.5094555650722481,0.7731660231660232,0.14,0.5,1.0,0.5,0.09882352941176464,0.7260642939005807,0.24383837627142954,4.10107717780587,1
BetDeluxe Rockhampton,QLD,7,Anniversary Cup H,2026-03-18T21:44:00+11:00,510m,4th/5th Grade,6,Canya Scarlet,Ken Boody,NBT,1311,FR,4,0: 0-0-0,,,,,,0.4930109265856948,0.9211711711711711,0.12,0.5,0.31578947368421395,0.5,0.5,0.4565789473684214,0.1533355518254956,6.521644772492524,2
BetDeluxe Rockhampton,QLD,7,Anniversary Cup H,2026-03-18T21:44:00+11:00,510m,4th/5th Grade,4,Peaky Warlock,Jamie Hosking,NBT,1477,FM,5,0: 0-0-0,,,,,,0.5012335012420154,0.5921814671814672,0.12,0.5,0.31578947368421395,0.5,0.5,0.4237231811683698,0.14230140960327622,7.0273372750692475,3
BetDeluxe Rockhampton,QLD,7,Anniversary Cup H,2026-03-18T21:44:00+11:00,510m,4th/5th Grade,5,Bright Side,Amber Boody,30.24,2516,FM,5,6: 1-1-1,4.93,,,,,0.5005756689590396,0.6866151866151866,0.12,0.5,0.0,0.5,0.11058823529411765,0.332409142001514,0.11163488705385488,8.957773205051753,4
BetDeluxe Rockhampton,QLD,8,Anniversary Cup H,2026-03-18T22:02:00+11:00,510m,4th/5th Grade,8,Bushman's Archie,Jeff Kuhl,NBT,1231,RM,4,0: 0-0-0,,,,,,0.5043570880538747,0.9042792792792793,0.12,0.5,0.5000000000000111,0.5,0.5,0.6485409754837091,0.17074120592321484,5.856817014925598,1
BetDeluxe Rockhampton,QLD,8,Anniversary Cup H,2026-03-18T22:02:00+11:00,510m,4th/5th Grade,1,Kej Stefani,Steven Scott,NBT,2514,FR,5,0: 0-0-0,,,,,,0.502425802212113,0.7268339768339769,0.14,0.5,0.5000000000000111,0.5,0.5,0.6246441037441947,0.16444988301095947,6.080879972005555,2
BetDeluxe Rockhampton,QLD,8,Anniversary Cup H,2026-03-18T22:02:00+11:00,510m,4th/5th Grade,4,Non Stop Tommy,Jamie Hosking,NBT,1151,FR,4,0: 0-0-0,,,,,,0.4991366428274197,0.8873873873873875,0.12,0.5,0.5000000000000111,0.5,0.5,0.566476651262896,0.14913615364369656,6.705282224115255,3
BetDeluxe Rockhampton,QLD,8,Anniversary Cup H,2026-03-18T22:02:00+11:00,510m,4th/5th Grade,3,Tough One,Garry Cluse,NBT,3151,FR,5,0: 0-0-0,,,,,,0.5004523119223824,0.7770270270270271,0.12,0.5,0.5000000000000111,0.5,0.5,0.5111442867138394,0.13456881710394666,7.431142084184017,4
BetDeluxe Rockhampton,QLD,9,Place a Srm with Betdeluxe,2026-03-18T22:20:00+11:00,407m,5th Grade,8,Crisp Ride On,Juanita Thompson,23.87,3262,FM,5,1: 0-1-0,8.98,,,,,0.49613545985245006,0.6893500643500644,0.12,0.5,1.0,0.5,0.12027027027027026,0.6677327911411698,0.19792842552524068,5.052331403871425,1
BetDeluxe Rockhampton,QLD,9,Place a Srm with Betdeluxe,2026-03-18T22:20:00+11:00,407m,5th Grade,2,Sunburnt Dawn,Garry Cluse,23.96,3542,FR,5,33: 3-6-9,9.38,,,,,0.5073166105482764,0.6274131274131275,0.13,0.5,0.2727272727272707,0.5,0.11695331695331701,0.6665952793583938,0.19759124586420218,5.060952956829203,2
BetDeluxe Rockhampton,QLD,9,Place a Srm with Betdeluxe,2026-03-18T22:20:00+11:00,407m,5th Grade,3,Mustang Beach,Kelly Suli,24.06,6357,FR,5,51: 2-4-10,9.47,,,,,0.5099469727312458,0.412001287001287,0.12,0.5,0.10909090909090702,0.5,0.11326781326781343,0.5117030033370418,0.15167829277029657,6.592901210421798,3
BetDeluxe Rockhampton,QLD,9,Place a Srm with Betdeluxe,2026-03-18T22:20:00+11:00,407m,5th Grade,4,How's Warren,Les Wisener,23.94,7737,FR,5,25: 4-3-3,9.43,,,,,0.5073166105482764,0.25546975546975553,0.11,0.5,0.18181818181818155,0.5,0.11769041769041777,0.42697024143747186,0.12656192530161958,7.901270446201115,4
Meadows,VIC,6,Sportsbet Ht2,2026-03-18T20:44:00+11:00,525m,Grade 5 Heat,1,Overland Boy,,30.40,2111,,5,1: 0-0-0,5.26,,,,,0.5074739704683726,0.9448198198198199,0.14,0.5,0.3809523809523814,0.5,0.13142857142857145,0.7352938734250336,0.24180519673571213,4.135560415986339,1
Meadows,VIC,6,Sportsbet Ht2,2026-03-18T20:44:00+11:00,525m,Grade 5 Heat,8,Par Excellence,Jeff Geall,30.69,1131,,5,0: 0-0-0,5.21,,,,,0.49676216178292565,0.9436936936936937,0.12,0.5,0.6190476190476186,0.5,0.12314285714285711,0.4636592640741368,0.1524767492561092,6.558376964873111,2
Meadows,VIC,6,Sportsbet Ht2,2026-03-18T20:44:00+11:00,525m,Grade 5 Heat,2,In One Moment,Gary Thorneycroft,NBT,4162,,5,1: 0-1-0,5.2,,,,,0.4959091459632757,0.6735842985842986,0.12,0.5,0.6666666666666652,0.5,0.5,0.4368771877641574,0.14366932481646347,6.9604280612962635,3
Meadows,VIC,6,Sportsbet Ht2,2026-03-18T20:44:00+11:00,525m,Grade 5 Heat,6,So He Thinks,Stefano Cassar,30.25,6163,,5,3: 0-0-3,5.25,,,,,0.5038545835413843,0.5431145431145431,0.12,0.5,0.42857142857142794,0.5,0.1357142857142858,0.3876492374271174,0.12748045850550616,7.844339530335215,4
Meadows,VIC,7,Sportsbet Ht3,2026-03-18T21:03:00+11:00,525m,Grade 5 Heat,1,Champlain,Greg Johnson,30.15,1645,,5,1: 0-1-0,5.17,,,,,0.4983039831725754,0.638030888030888,0.14,0.5,0.8695652173913035,0.5,0.13857142857142857,0.6263675875972582,0.17036834055754407,5.869635148921565,1
Meadows,VIC,7,Sportsbet Ht3,2026-03-18T21:03:00+11:00,525m,Grade 5 Heat,8,Polly Tango,Shane Fisher,30.10,1185,,5,5: 3-0-0,5.22,,,,,0.49972329606092475,0.7224903474903476,0.12,0.5,0.6521739130434786,0.5,0.14,0.5617925252789739,0.15280429920801009,6.544318485690744,2
Meadows,VIC,7,Sportsbet Ht3,2026-03-18T21:03:00+11:00,525m,Grade 5 Heat,2,My Long Black,Thomas Dailly,30.57,8318,,5,2: 1-0-1,5.14,,,,,0.5029295057055809,0.39414414414414417,0.12,0.5,1.0,0.5,0.12657142857142856,0.5508217140564147,0.14982030236722962,6.674662807373504,3
Meadows,VIC,7,Sportsbet Ht3,2026-03-18T21:03:00+11:00,525m,Grade 5 Heat,7,Mighty Multi,Michelle Mallia,30.39,3236,,5,5: 0-2-2,5.19,,,,,0.4977861108751254,0.6933719433719434,0.12,0.5,0.7826086956521712,0.5,0.13171428571428578,0.466226561778516,0.1268109129955925,7.885756646470612,4
Meadows,VIC,8,Gorski Truck and Trailer,2026-03-18T21:23:00+11:00,525m,Grade 5,1,Paw Quebec,,30.50,2316,,5,3: 0-0-0,5.15,,,,,0.50708429173307,0.7654440154440154,0.14,0.5,1.0,0.5,0.12857142857142867,0.7572713061274707,0.25152640322810704,3.975725757478864,1
Meadows,VIC,8,Gorski Truck and Trailer,2026-03-18T21:23:00+11:00,525m,Grade 5,7,Moraine Sara,Briana,NBT,5255,,5,0: 0-0-0,,,,,,0.5040602524826872,0.5468146718146718,0.12,0.5,0.48148148148148184,0.5,0.5,0.4914553160023284,0.1632360647778071,6.126097203832837,2
Meadows,VIC,8,Gorski Truck and Trailer,2026-03-18T21:23:00+11:00,525m,Grade 5,3,Altocumulus,Ashlee Terry,30.65,1422,,5,1: 0-1-0,5.42,,,,,0.49933585716848466,0.8334942084942085,0.12,0.5,0.0,0.5,0.12428571428571433,0.4201098856630375,0.13953879890387394,7.16646558416261,3
Meadows,VIC,8,Gorski Truck and Trailer,2026-03-18T21:23:00+11:00,525m,Grade 5,2,No More Extras,,30.54,4141,,5,9: 0-1-2,5.3,,,,,0.4972049628965081,0.75,0.12,0.5,0.44444444444444553,0.5,0.12742857142857156,0.37264158600035985,0.12377228222101748,8.079353325765794,4
Meadows,VIC,9,We Stand with Tasmania (1-2 Wins) (275+),2026-03-18T21:47:00+11:00,525m,Rank Limit - Restricted Win,2,Maxi Grin,Andrea Chapple,30.43,2761,,7,2: 0-1-0,5.31,,,,,0.5028298954264582,0.5675675675675677,0.12,0.5,1.0,0.5,0.13057142857142856,0.49817929297970903,0.2242005443124929,4.460292471931693,1
Meadows,VIC,9,We Stand with Tasmania (1-2 Wins) (275+),2026-03-18T21:47:00+11:00,525m,Rank Limit - Restricted Win,5,Naringal Boy,Jacob,NBT,4217,,7,0: 0-0-0,,,,,,0.4976622421473039,0.6743886743886743,0.12,0.5,0.4761904761904746,0.5,0.5,0.483035618017815,0.2173852867993983,4.600127334849453,2
Meadows,VIC,9,We Stand with Tasmania (1-2 Wins) (275+),2026-03-18T21:47:00+11:00,525m,Rank Limit - Restricted Win,8,Aston Ace,Michelle Mallia,NBT,18,,7,0: 0-0-0,,,,,,0.5007689760100454,0.5833333333333333,0.12,0.5,0.4761904761904746,0.5,0.5,0.47756021456129105,0.21492113693893194,4.652869486188051,3
Meadows,VIC,9,We Stand with Tasmania (1-2 Wins) (275+),2026-03-18T21:47:00+11:00,525m,Rank Limit - Restricted Win,1,Transponding,Mark Filomeno,31.07,7161,,6,2: 0-0-0,5.52,,,,,0.5033220420363731,0.5281531531531533,0.14,0.5,0.0,0.5,0.11228571428571432,0.475,0.21376893831027155,4.67794810557821,4
Meadows,VIC,10,Di Battista Real Estate,2026-03-18T22:08:00+11:00,525m,Grade 5,1,Angry Chief,Stephen Brincat,30.46,5334,,5,4: 0-0-2,5.09,,,,,0.4931406971982706,0.5838159588159588,0.14,0.5,1.0,0.5,0.12971428571428578,0.6030246913580252,0.17350328571560494,5.763579611046292,1
Meadows,VIC,10,Di Battista Real Estate,2026-03-18T22:08:00+11:00,525m,Grade 5,7,Sir Dodge,Sheldon Hamilton,30.12,5545,,5,4: 0-3-0,5.26,,,,,0.5022454698404646,0.45672458172458175,0.12,0.5,0.29166666666666763,0.5,0.13942857142857135,0.5963338607084652,0.17157818858691026,5.828246633420224,2
Meadows,VIC,10,Di Battista Real Estate,2026-03-18T22:08:00+11:00,525m,Grade 5,6,Lady Breanna,Sheldon Hamilton,30.48,5761,,5,6: 0-0-0,5.33,,,,,0.5029837067449985,0.4020270270270271,0.12,0.5,0.0,0.5,0.12914285714285711,0.503133720599123,0.14476248639450215,6.907866982022067,3
Meadows,VIC,10,Di Battista Real Estate,2026-03-18T22:08:00+11:00,525m,Grade 5,2,Obliviate,Lisa Cockerell,30.41,6446,,5,5: 1-0-0,5.25,,,,,0.5007689760100454,0.42084942084942084,0.12,0.5,0.33333333333333337,0.5,0.13114285714285712,0.5020509024394317,0.14445093611931217,6.922765797613314,4
Meadows,VIC,11,Hector Fawley at Stud,2026-03-18T22:23:00+11:00,525m,Free For All,1,Reuben Hill,Jeff Geall,30.19,2665,,3,10: 3-0-2,5.19,,,,,0.504317062756597,0.5265444015444016,0.14,0.5,0.7857142857142835,0.5,0.13742857142857146,0.6502001238395079,0.25397691091694347,3.937365788053954,1
Meadows,VIC,11,Hector Fawley at Stud,2026-03-18T22:23:00+11:00,525m,Free For All,8,White Crest,,29.83,5213,,4,29: 5-8-3,5.22,,,,,0.4990749101091026,0.6996460746460746,0.12,0.5,0.5714285714285732,0.5,0.1477142857142858,0.5607150178915645,0.2190228253232226,4.565734181011735,2
Meadows,VIC,11,Hector Fawley at Stud,2026-03-18T22:23:00+11:00,525m,Free For All,4,Go Go Evie,Tina Womann,30.30,6357,,3,12: 0-4-2,5.21,,,,,0.5064754352947088,0.412001287001287,0.12,0.5,0.6428571428571432,0.5,0.13428571428571434,0.4784680527975704,0.18689605487058822,5.350567729706368,3
Meadows,VIC,11,Hector Fawley at Stud,2026-03-18T22:23:00+11:00,525m,Free For All,7,Go For Gold,Tina Womann,30.07,5536,,2,8: 3-0-1,5.16,,,,,0.5000000096991736,0.46476833976833976,0.12,0.5,1.0,0.5,0.1408571428571428,0.44262116211096486,0.1728937773736238,5.783898155218149,4
Meadows,VIC,12,Gorski Australian Made Tippers (275+),2026-03-18T22:44:00+11:00,525m,Rank Limit - Grade 5,1,Out The Window,Briana,NBT,5431,,5,0: 0-0-0,,,,,,0.5027752890724055,0.6047297297297298,0.14,0.5,0.3749999999999917,0.5,0.5,0.6906734458940897,0.2969733492703474,3.367305525754965,1
Meadows,VIC,12,Gorski Australian Made Tippers (275+),2026-03-18T22:44:00+11:00,525m,Rank Limit - Grade 5,8,Moraine Joker,Briana,30.67,5211,,5,4: 1-0-0,5.26,,,,,0.5011509150492094,0.7398648648648649,0.12,0.5,1.0,0.5,0.12371428571428578,0.6304104543324154,0.2710616792220603,3.6891972442212153,2
Meadows,VIC,12,Gorski Australian Made Tippers (275+),2026-03-18T22:44:00+11:00,525m,Rank Limit - Grade 5,4,Strike It Mike,Bianca Clark,30.53,2712,,5,2: 0-1-0,5.34,,,,,0.49884853692524783,0.6882239382239383,0.12,0.5,0.0,0.5,0.12771428571428567,0.4105837876275666,0.17654137898702568,5.664394408483076,3
Meadows,VIC,12,Gorski Australian Made Tippers (275+),2026-03-18T22:44:00+11:00,525m,Rank Limit - Grade 5,6,Athens Aura,Briana,31.00,1757,,5,1: 0-0-0,5.34,,,,,0.5011509150492094,0.5302445302445303,0.12,0.5,0.0,0.5,0.11428571428571421,0.30796600988797085,0.13241814632016427,7.551835060295832,4
Richmond,NSW,6,Steeline Riverstone Masters Heat 1 H,2026-03-18T20:50:00+11:00,401m,M2/M3,8,Despicable Goat,Sarah Easey,NBT,1235,FR,M2,0: 0-0-0,,,,,,0.5003099102452435,0.8238416988416989,0.12,0.5,0.43749999999999867,0.5,0.5,0.6325796768810605,0.16177277249399388,6.181509932625572,1
Richmond,NSW,6,Steeline Riverstone Masters Heat 1 H,2026-03-18T20:50:00+11:00,401m,M2/M3,2,Midnight Star,,22.81,5431,FR,M3,59: 7-9-13,6.9,,,,,0.505091878173179,0.6047297297297298,0.13,0.5,0.718749999999998,0.5,0.14675810473815465,0.5873978929575382,0.15021820835185964,6.656982605315572,2
Richmond,NSW,6,Steeline Riverstone Masters Heat 1 H,2026-03-18T20:50:00+11:00,401m,M2/M3,1,Major Soko,Troy Vella,23.07,2247,RR,M3,17: 2-1-3,7.01,,,,,0.5007010417451442,0.7002895752895754,0.16,0.5,0.375,0.5,0.13703241895261853,0.5864317762736574,0.1499711384882265,6.667949647381687,3
Richmond,NSW,6,Steeline Riverstone Masters Heat 1 H,2026-03-18T20:50:00+11:00,401m,M2/M3,4,Crafty Chap,John Chapman,22.83,5335,FR,M3,31: 6-8-3,6.97,,,,,0.5072166609835378,0.5637065637065637,0.11,0.5,0.5,0.5,0.14600997506234414,0.5365849531025418,0.13722356046901452,7.287378323242115,4
Richmond,NSW,7,Ladbrokes Blackbook Masters Ht 2 H,2026-03-18T21:10:00+11:00,401m,M2/M3,2,Fantasia Queen,Mackayla Clarke,22.85,3325,FR,M2,18: 4-5-1,6.83,,,,,0.509233488452671,0.7022200772200773,0.13,0.5,0.82051282051282,0.5,0.14526184538653353,0.7526760877244293,0.19005908913531067,5.261521585468928,1
Richmond,NSW,7,Ladbrokes Blackbook Masters Ht 2 H,2026-03-18T21:10:00+11:00,401m,M2/M3,1,She's Our Joy,Adam Wade,22.76,1852,FR,M3,16: 3-3-1,6.92,,,,,0.5041743100397835,0.5913770913770915,0.16,0.5,0.58974358974359,0.5,0.1486284289276808,0.6576077976611252,0.16605328782214557,6.022163205049384,2
Richmond,NSW,7,Ladbrokes Blackbook Masters Ht 2 H,2026-03-18T21:10:00+11:00,401m,M2/M3,7,No More Trouble,John Polidano,22.70,2312,FM,M2,15: 5-3-4,6.76,,,,,0.4902605810425226,0.8458815958815958,0.12,0.5,1.0,0.5,0.15087281795511231,0.6013636363636363,0.15185101111942936,6.585402313939876,3
Richmond,NSW,7,Ladbrokes Blackbook Masters Ht 2 H,2026-03-18T21:10:00+11:00,401m,M2/M3,4,Open Road,Mathew Wotton,23.00,5752,RR,M3,43: 3-7-5,6.91,,,,,0.5067040306181231,0.4100707850707851,0.11,0.5,0.615384615384615,0.5,0.13965087281795507,0.5152498946356634,0.1301063329214897,7.686020945678576,4
Richmond,NSW,8,T &amp; C Plumbing Services,2026-03-18T21:30:00+11:00,320m,Free For All,3,Stephen Witherap,Joanne Zammit,17.91,2115,FR,FFA,30: 16-7-1,2.19,,,,,0.5040589104857224,0.8643822393822395,0.12,0.5,0.75,0.5,0.16046875000000005,0.7592698135382203,0.18851774074056038,5.304540549190052,1
Richmond,NSW,8,T &amp; C Plumbing Services,2026-03-18T21:30:00+11:00,320m,Free For All,8,Near Impossible,Kerry Drynan,18.21,1322,FM,2,34: 8-5-8,2.2,,,,,0.5050476925270384,0.8729086229086229,0.13,0.5,0.6249999999999972,0.5,0.14640625000000007,0.6970833333333326,0.1730775710620079,5.777756146356673,2
Richmond,NSW,8,T &amp; C Plumbing Services,2026-03-18T21:30:00+11:00,320m,Free For All,2,Maybe Next Week,Melinda Finn,17.97,3343,FM,FFA,15: 6-2-5,2.23,,,,,0.5004427964038985,0.6861325611325612,0.15,0.5,0.25,0.5,0.15765625000000005,0.56205108098908,0.13955065522108684,7.165856716442667,3
Richmond,NSW,8,T &amp; C Plumbing Services,2026-03-18T21:30:00+11:00,320m,Free For All,1,Bugatti Rico,,18.23,4151,FR,4,6: 1-0-1,2.25,,,,,0.5001844979469104,0.7218468468468469,0.18,0.5,0.0,0.5,0.14546875000000015,0.502242494334181,0.12470088846883597,8.019189055336284,4
Richmond,NSW,9,Poolwerx Richmond-kurrajong,2026-03-18T21:53:00+11:00,520m,4th/5th Grade,8,Our Inspiration,Anthony Messina,29.88,6121,RM,5,17: 1-0-1,4.46,,,,,0.518244979290552,0.695945945945946,0.12,0.5,0.3928571428571437,0.5,0.1380769230769231,0.6020791662280237,0.2178731624319298,4.589826433131388,1
Richmond,NSW,9,Poolwerx Richmond-kurrajong,2026-03-18T21:53:00+11:00,520m,4th/5th Grade,3,Big Town Tilly,George Tyrpenou,29.96,1166,FR,4,5: 1-0-3,4.36,,,,,0.5002656876356779,0.7586872586872587,0.12,0.5,0.7499999999999992,0.5,0.13576923076923075,0.46644789540692844,0.1687925505190738,5.924432073126347,2
Richmond,NSW,9,Poolwerx Richmond-kurrajong,2026-03-18T21:53:00+11:00,520m,4th/5th Grade,2,Winsome Storm,Melinda Finn,29.68,4325,FS,5,7: 3-0-2,4.52,,,,,0.5042507198377689,0.6470398970398972,0.12,0.5,0.17857142857143093,0.5,0.14384615384615385,0.42255165701197744,0.15290790807597057,6.539884120991056,3
Richmond,NSW,9,Poolwerx Richmond-kurrajong,2026-03-18T21:53:00+11:00,520m,4th/5th Grade,1,Spring Witness,Gregory Board,30.07,2373,FR,5,1: 0-0-1,4.52,,,,,0.4960149693917696,0.656853281853282,0.14,0.5,0.17857142857143093,0.5,0.13259615384615397,0.39077639751552823,0.1414094595962491,7.071662693961141,4
Richmond,NSW,10,Greyhound Products Direct,2026-03-18T22:14:00+11:00,401m,4th/5th Grade,2,Mark To Market,Christine Proctor,22.59,8144,FM,5,8: 3-0-1,6.83,,,,,0.5106239382495386,0.4689510939510939,0.13,0.5,1.0,0.5,0.15498753117206976,0.6976409101271439,0.14955891650464456,6.686328193404269,1
Richmond,NSW,10,Greyhound Products Direct,2026-03-18T22:14:00+11:00,401m,4th/5th Grade,8,Go Forward Rocky,Adam Campton,22.63,3443,FM,4,20: 4-5-5,6.83,,,,,0.48013064934867444,0.6467181467181468,0.12,0.5,1.0,0.5,0.15349127182044886,0.6498186413587457,0.13930687050508864,7.17839684700599,2
Richmond,NSW,10,Greyhound Products Direct,2026-03-18T22:14:00+11:00,401m,4th/5th Grade,3,Zipping Admiral,Courtney Barnes,22.96,7212,FM,4,3: 0-2-0,6.84,,,,,0.5063650066043872,0.6093951093951094,0.12,0.5,0.9333333333333349,0.5,0.14114713216957597,0.6385579095205832,0.13689281647196436,7.304985212316089,3
Richmond,NSW,10,Greyhound Products Direct,2026-03-18T22:14:00+11:00,401m,4th/5th Grade,6,Layla's Lilly,Bradley,22.90,2562,FM,5,23: 2-3-1,6.95,,,,,0.5120151133940232,0.6262870012870014,0.11,0.5,0.20000000000000118,0.5,0.1433915211970075,0.5973267791098797,0.1280537660364578,7.8092197594195945,4
Richmond,NSW,11,gapnsw.com.au,2026-03-18T22:30:00+11:00,401m,5th Grade,1,Spring Dazzler,Gregory Board,NBT,7621,FR,5,0: 0-0-0,,,,,,0.5003535698959277,0.44369369369369377,0.16,0.5,0.6000000000000014,0.5,0.5,0.5319455853447839,0.15054274059858927,6.642631826840616,1
Richmond,NSW,11,gapnsw.com.au,2026-03-18T22:30:00+11:00,401m,5th Grade,5,Blue Franky,John Chapman,23.22,5231,FR,5,1: 1-0-0,7.0,,,,,0.5028286310901202,0.6835585585585586,0.11,0.5,0.6400000000000006,0.5,0.13142144638403985,0.4948871312330469,0.14005504900375826,7.140049624152899,2
Richmond,NSW,11,gapnsw.com.au,2026-03-18T22:30:00+11:00,401m,5th Grade,4,Ray's Beauty,Kenneth Gorry,NBT,1132,FM,5,0: 0-0-0,,,,,,0.494908515934849,0.9235842985842986,0.11,0.5,0.6000000000000014,0.5,0.5,0.4850000000000002,0.13725695109019814,7.285605516203343,3
Richmond,NSW,11,gapnsw.com.au,2026-03-18T22:30:00+11:00,401m,5th Grade,6,Mister Anatoly,Deanne Tull,23.04,4122,FR,5,3: 0-1-0,6.91,,,,,0.4989746038135532,0.7861969111969112,0.11,0.5,1.0,0.5,0.13815461346633418,0.47571875606287517,0.13463032171878747,7.427747235788202,4
Richmond,NSW,12,The Lids Fly Hosted Pots,2026-03-18T22:50:00+11:00,320m,4th/5th Grade,1,Sneaky Jade,Nick Kilner,18.05,4122,FR,4,12: 7-2-1,2.22,,,,,0.500954681641964,0.7861969111969112,0.18,0.5,0.25,0.5,0.15390625000000002,0.6942350251629074,0.172601807963884,5.793682069710676,1
Richmond,NSW,12,The Lids Fly Hosted Pots,2026-03-18T22:50:00+11:00,320m,4th/5th Grade,8,Lucia Power,John Polidano,18.38,212F,FR,4,15: 3-4-1,2.16,,,,,0.5017894070681287,0.775900900900901,0.13,0.5,1.0,0.5,0.1384375000000001,0.6244085279887074,0.15524143399942747,6.441579250058254,2
Richmond,NSW,12,The Lids Fly Hosted Pots,2026-03-18T22:50:00+11:00,320m,4th/5th Grade,6,Reborn Spark,Anthony Orley,18.22,5321,FM,4,16: 3-5-3,2.2,,,,,0.5068194011933945,0.6722972972972974,0.09,0.5,0.5,0.5,0.14593750000000005,0.5425471698113205,0.13488893389259335,7.4135065875474995,3
Richmond,NSW,12,The Lids Fly Hosted Pots,2026-03-18T22:50:00+11:00,320m,4th/5th Grade,4,Shy Sheena,Alan Proctor,18.27,1246,FR,5,88: 7-15-12,2.19,,,,,0.49922211318563753,0.7755791505791507,0.11,0.5,0.6250000000000028,0.5,0.14359375000000008,0.540002718519649,0.13425632839546292,7.448438460602161,4
Taree,NSW,7,Manning River Steel,2026-03-18T20:34:00+11:00,300m,5th Grade,8,Run Rolex,Denis Solomon,17.44,11,FM,5,2: 2-0-0,6.5,,,,,0.5046452476233163,1.0,0.13,0.5,0.6956521739130428,0.5,0.128,0.6484336621906754,0.19824832119908278,5.044178906290918,1
Taree,NSW,7,Manning River Steel,2026-03-18T20:34:00+11:00,300m,5th Grade,1,She's A Panama,Julie King,17.58,4151,FM,5,1: 1-0-0,6.43,,,,,0.5026761610528493,0.7218468468468469,0.18,0.5,1.0,0.5,0.12100000000000011,0.6006654790238659,0.18364395583107143,5.445319425159138,2
Taree,NSW,7,Manning River Steel,2026-03-18T20:34:00+11:00,300m,5th Grade,2,Bargain Betty,Samuel,NBT,6271,FR,5,0: 0-0-0,,,,,,0.49934364062789305,0.5157657657657658,0.15,0.5,0.3043478260869572,0.5,0.5,0.44403750351485916,0.1357574332644178,7.366079160116983,3
Taree,NSW,7,Manning River Steel,2026-03-18T20:34:00+11:00,300m,5th Grade,3,Proper Diva,Brian Smoothy,17.51,5547,FR,5,6: 1-0-0,6.66,,,,,0.5075231131448368,0.41650579150579153,0.12,0.5,0.0,0.5,0.12449999999999994,0.4005345911949685,0.12245710689710286,8.166124656531947,4
Taree,NSW,8,Tg Ladbrokes Racing Extras In Multi 8-15,2026-03-18T20:57:00+11:00,300m,5th Grade,7,Heading South,Melanie Mabbott,NBT,4322,FR,5,0: 0-0-0,,,,,,0.4984852472882461,0.7073680823680825,0.1,0.5,0.5769230769230788,0.5,0.5,0.5179455596709341,0.15088798965701458,6.62743272193574,1
Taree,NSW,8,Tg Ladbrokes Racing Extras In Multi 8-15,2026-03-18T20:57:00+11:00,300m,5th Grade,5,Paw Bellonda,Geoffrey Stackman,17.72,3214,FM,5,9: 1-3-3,6.59,,,,,0.4984852472882461,0.7898970398970399,0.1,0.5,1.0,0.5,0.1140000000000001,0.5055603575587145,0.14727993044439017,6.789791365209662,2
Taree,NSW,8,Tg Ladbrokes Racing Extras In Multi 8-15,2026-03-18T20:57:00+11:00,300m,5th Grade,1,Blue Legend,Peter Neilson,17.60,4635,FM,5,14: 2-3-2,6.62,,,,,0.5010098569910506,0.5006435006435007,0.18,0.5,0.7692307692307672,0.5,0.12,0.4844304324364474,0.14112435701824141,7.085949024878407,3
Taree,NSW,8,Tg Ladbrokes Racing Extras In Multi 8-15,2026-03-18T20:57:00+11:00,300m,5th Grade,6,Power Rolex,Peter Neilson,17.67,6423,FM,5,5: 1-1-1,6.67,,,,,0.5072707850940835,0.5374839124839125,0.09,0.5,0.3846153846153836,0.5,0.11649999999999994,0.47553835177703885,0.1385339145489236,7.218449022075728,4
Taree,NSW,9,Tg Ladbrokes Quick Multi 8-15,2026-03-18T21:17:00+11:00,300m,5th Grade,1,Malmsteen,Jonathan Childs,17.58,3662,FR,5,9: 0-3-2,6.51,,,,,0.5006059776140384,0.5316924066924067,0.18,0.5,1.0,0.5,0.12100000000000011,0.7459598272218338,0.18064524164873802,5.535711823201439,1
Taree,NSW,9,Tg Ladbrokes Quick Multi 8-15,2026-03-18T21:17:00+11:00,300m,5th Grade,6,Tap Out Gracie,Melanie Mabbott,17.68,1376,FM,5,16: 2-5-1,6.57,,,,,0.5010099010216946,0.6517052767052767,0.09,0.5,0.7777777777777763,0.5,0.11599999999999999,0.6654473813020069,0.16114795812465765,6.205477324301185,2
Taree,NSW,9,Tg Ladbrokes Quick Multi 8-15,2026-03-18T21:17:00+11:00,300m,5th Grade,4,Little Big Guy,Brian Smoothy,17.70,2328,FM,5,22: 1-3-5,6.75,,,,,0.5004039600996708,0.6970720720720721,0.11,0.5,0.11111111111111183,0.5,0.1150000000000001,0.6006583888893776,0.1454583421916576,6.8748205495315515,3
Taree,NSW,9,Tg Ladbrokes Quick Multi 8-15,2026-03-18T21:17:00+11:00,300m,5th Grade,7,Just Too Easy,Brian Smoothy,17.75,7242,FR,5,19: 0-3-4,6.7,,,,,0.5007069307409315,0.52493564993565,0.1,0.5,0.29629629629629606,0.5,0.11249999999999993,0.5042028411142908,0.12210019996959619,8.1899947768227,4
Taree,NSW,10,Tg Harrington Bakehouse and Cafe 8-15,2026-03-18T21:41:00+11:00,300m,5th Grade,6,Kingsbrae Maggie,Arron Watson,17.53,3734,RR,5,8: 1-0-4,6.6,,,,,0.5077754637021303,0.5365186615186616,0.09,0.5,0.6470588235294139,0.5,0.12349999999999994,0.5824960058097317,0.16288903546632436,6.1391486365989305,1
Taree,NSW,10,Tg Harrington Bakehouse and Cafe 8-15,2026-03-18T21:41:00+11:00,300m,5th Grade,2,Shipley's Girl,Peter Neilson,17.26,4555,FM,5,10: 3-0-1,6.6,,,,,0.5017167846418988,0.4837516087516087,0.15,0.5,0.6470588235294139,0.5,0.1369999999999999,0.5450479491278198,0.15241707038473484,6.560944895973764,2
Taree,NSW,10,Tg Harrington Bakehouse and Cafe 8-15,2026-03-18T21:41:00+11:00,300m,5th Grade,8,Ritzy Ritzy,Brian Smoothy,17.67,1466,FR,5,23: 3-3-2,6.65,,,,,0.500551443551648,0.6404440154440155,0.13,0.5,0.3529411764705861,0.5,0.11649999999999994,0.5396859037312067,0.1509176293687114,6.626131116576646,3
Taree,NSW,10,Tg Harrington Bakehouse and Cafe 8-15,2026-03-18T21:41:00+11:00,300m,5th Grade,4,Tulloch Road,Gregory Baldwin,17.61,1718,FM,5,34: 4-2-9,6.64,,,,,0.4977783781850844,0.6227477477477479,0.11,0.5,0.4117647058823548,0.5,0.11950000000000005,0.4588404292880808,0.1283100213808213,7.793623516217975,4
Taree,NSW,11,Tg Npc Electrical 8-15,2026-03-18T21:59:00+11:00,300m,5th Grade,7,Ultra Special,Jonathan Childs,17.92,4137,FR,5,11: 1-3-1,6.6,,,,,0.5039847565371238,0.6574967824967825,0.1,0.5,0.8571428571428608,0.5,0.10399999999999998,0.6462054629856632,0.1552086424311498,6.442940189001381,1
Taree,NSW,11,Tg Npc Electrical 8-15,2026-03-18T21:59:00+11:00,300m,5th Grade,1,Bugle Girl,Aaron Shearman,17.69,5665,FW,5,5: 0-0-0,6.65,,,,,0.5058276022411704,0.36100386100386106,0.18,0.5,0.14285714285713924,0.5,0.11549999999999994,0.5758907056798616,0.13832011602673688,7.229606428371581,2
Taree,NSW,11,Tg Npc Electrical 8-15,2026-03-18T21:59:00+11:00,300m,5th Grade,6,Not A Boodie,Jason Carter,17.36,6564,FW,5,53: 7-6-7,6.61,,,,,0.5042377562686523,0.36534749034749037,0.09,0.5,0.7142857142857089,0.5,0.13200000000000012,0.5504982970121898,0.13222124886588507,7.563080885844014,3
Taree,NSW,11,Tg Npc Electrical 8-15,2026-03-18T21:59:00+11:00,300m,5th Grade,8,Becky Belle,Danial Stone,17.67,6366,FM,5,25: 3-3-6,6.59,,,,,0.5006956539833379,0.40395752895752896,0.13,0.5,1.0,0.5,0.11649999999999994,0.5462504321584435,0.13120097687045074,7.621894469485626,4
Taree,NSW,12,Tg Fab Con Manning Valley 8-15,2026-03-18T22:18:00+11:00,300m,5th Grade,5,Sugar Drop Baby,Beverley Sloan,17.71,8178,FM,5,36: 2-7-8,6.62,,,,,0.5035422114597028,0.30405405405405406,0.1,0.5,1.0,0.5,0.11450000000000005,0.6525109837631325,0.15368585282312333,6.506779782462459,1
Taree,NSW,12,Tg Fab Con Manning Valley 8-15,2026-03-18T22:18:00+11:00,300m,5th Grade,4,Chucky's Dream,Beverley Sloan,17.63,7245,FR,5,11: 1-2-0,6.65,,,,,0.49243611939302756,0.4646074646074646,0.11,0.5,0.842105263157893,0.5,0.11850000000000016,0.5907717921580935,0.13914442662412002,7.186777251965439,2
Taree,NSW,12,Tg Fab Con Manning Valley 8-15,2026-03-18T22:18:00+11:00,300m,5th Grade,6,In The Darkness,Beverley Sloan,18.00,6276,FR,5,8: 0-2-0,6.71,,,,,0.49966787378735494,0.41521879021879027,0.09,0.5,0.5263157894736837,0.5,0.10000000000000009,0.5746145848691,0.13533892105679865,7.38885748601707,3
Taree,NSW,12,Tg Fab Con Manning Valley 8-15,2026-03-18T22:18:00+11:00,300m,5th Grade,1,Impress Bev,Lauren Bramble,17.80,8364,FM,5,32: 1-2-2,6.79,,,,,0.4958884815427375,0.3338159588159589,0.18,0.5,0.10526315789473484,0.5,0.10999999999999999,0.5473214487687939,0.12891057118657517,7.757315717364075,4
