venue,state,race_number,race_name,race_time,distance,grade,box,dog_name,trainer,best_time,last_4_starts,last_start
Taree,NSW,6,Active 24/7 Locksmiths and Security,2026-03-18T20:14:00+11:00,300m,5th Grade,1,Majestic Emmy,Alfred Adams,17.28,1533,
Taree,NSW,6,Active 24/7 Locksmiths and Security,2026-03-18T20:14:00+11:00,300m,5th Grade,2,Tangles Tippett,Beverley Sloan,17.41,1821,
Taree,NSW,6,Active 24/7 Locksmiths and Security,2026-03-18T20:14:00+11:00,300m,5th Grade,3,Overriding,Leeanne Goodwin,17.15,3324,
Taree,NSW,6,Active 24/7 Locksmiths and Security,2026-03-18T20:14:00+11:00,300m,5th Grade,4,King Kermaro,Danial Stone,17.37,1211,
Taree,NSW,6,Active 24/7 Locksmiths and Security,2026-03-18T20:14:00+11:00,300m,5th Grade,5,Chloe's Comet,Geoffrey Sattler,17.64,2355,
Taree,NSW,6,Active 24/7 Locksmiths and Security,2026-03-18T20:14:00+11:00,300m,5th Grade,6,Watch Her Win,Troy Dunn,17.47,6421,
Taree,NSW,6,Active 24/7 Locksmiths and Security,2026-03-18T20:14:00+11:00,300m,5th Grade,7,Queen's Wharf,Jonathan Childs,17.49,6321,
Taree,NSW,6,Active 24/7 Locksmiths and Security,2026-03-18T20:14:00+11:00,300m,5th Grade,8,Scotch And Water,Lauren Bramble,17.55,8276,
Taree,NSW,6,Active 24/7 Locksmiths and Security,2026-03-18T20:14:00+11:00,300m,5th Grade,9,Fun Effects,Brian Smoothy,17.50,3218,
Taree,NSW,6,Active 24/7 Locksmiths and Security,2026-03-18T20:14:00+11:00,300m,5th Grade,10,Tralee Aimee,Jason Carter,17.57,2176,
Taree,NSW,7,Manning River Steel,2026-03-18T20:34:00+11:00,300m,5th Grade,1,She's A Panama,Julie King,17.58,4151,
Taree,NSW,7,Manning River Steel,2026-03-18T20:34:00+11:00,300m,5th Grade,2,Bargain Betty,Samuel,NBT,6271,
Taree,NSW,7,Manning River Steel,2026-03-18T20:34:00+11:00,300m,5th Grade,3,Proper Diva,Brian Smoothy,17.51,5547,
Taree,NSW,7,Manning River Steel,2026-03-18T20:34:00+11:00,300m,5th Grade,4,White High,Tony Desira,17.54,1582,
Taree,NSW,7,Manning River Steel,2026-03-18T20:34:00+11:00,300m,5th Grade,5,Zipping Gidey,Leeanne Goodwin,17.39,51,
Taree,NSW,7,Manning River Steel,2026-03-18T20:34:00+11:00,300m,5th Grade,6,Dive Right In,Allan Woods,17.95,41,
Taree,NSW,7,Manning River Steel,2026-03-18T20:34:00+11:00,300m,5th Grade,7,Ella Black,Vincent Cassar,17.44,3114,
Taree,NSW,7,Manning River Steel,2026-03-18T20:34:00+11:00,300m,5th Grade,8,Run Rolex,Denis Solomon,17.44,11,
Taree,NSW,7,Manning River Steel,2026-03-18T20:34:00+11:00,300m,5th Grade,9,Tralee Luna,Jason Carter,17.46,3233,
Taree,NSW,7,Manning River Steel,2026-03-18T20:34:00+11:00,300m,5th Grade,10,Oxley Flyer,Alwyn Watts,NBT,4118,
Taree,NSW,8,Tg Ladbrokes Racing Extras In Multi 8-15,2026-03-18T20:57:00+11:00,300m,5th Grade,1,Blue Legend,Peter Neilson,17.60,4635,
Taree,NSW,8,Tg Ladbrokes Racing Extras In Multi 8-15,2026-03-18T20:57:00+11:00,300m,5th Grade,2,Whiskey Agogo,Charlie Lamb,17.52,5164,
Taree,NSW,8,Tg Ladbrokes Racing Extras In Multi 8-15,2026-03-18T20:57:00+11:00,300m,5th Grade,3,Smoke And Flame,Michael Worth,17.58,5655,
Taree,NSW,8,Tg Ladbrokes Racing Extras In Multi 8-15,2026-03-18T20:57:00+11:00,300m,5th Grade,4,Snacks,Aaron Shearman,17.67,3553,
Taree,NSW,8,Tg Ladbrokes Racing Extras In Multi 8-15,2026-03-18T20:57:00+11:00,300m,5th Grade,5,Paw Bellonda,Geoffrey Stackman,17.72,3214,
Taree,NSW,8,Tg Ladbrokes Racing Extras In Multi 8-15,2026-03-18T20:57:00+11:00,300m,5th Grade,6,Power Rolex,Peter Neilson,17.67,6423,
Taree,NSW,8,Tg Ladbrokes Racing Extras In Multi 8-15,2026-03-18T20:57:00+11:00,300m,5th Grade,7,Heading South,Melanie Mabbott,NBT,4322,
Taree,NSW,8,Tg Ladbrokes Racing Extras In Multi 8-15,2026-03-18T20:57:00+11:00,300m,5th Grade,8,Tequila Ripple,Julie King,NBT,6551,
Taree,NSW,8,Tg Ladbrokes Racing Extras In Multi 8-15,2026-03-18T20:57:00+11:00,300m,5th Grade,9,Got A Secret,Larry Croker,17.90,5685,
Taree,NSW,9,Tg Ladbrokes Quick Multi 8-15,2026-03-18T21:17:00+11:00,300m,5th Grade,1,Malmsteen,Jonathan Childs,17.58,3662,
Taree,NSW,9,Tg Ladbrokes Quick Multi 8-15,2026-03-18T21:17:00+11:00,300m,5th Grade,2,Rocky Bell,Danial Stone,17.61,8246,
Taree,NSW,9,Tg Ladbrokes Quick Multi 8-15,2026-03-18T21:17:00+11:00,300m,5th Grade,3,Tralee Digby,Melanie Mabbott,17.53,8541,
Taree,NSW,9,Tg Ladbrokes Quick Multi 8-15,2026-03-18T21:17:00+11:00,300m,5th Grade,4,Little Big Guy,Brian Smoothy,17.70,2328,
Taree,NSW,9,Tg Ladbrokes Quick Multi 8-15,2026-03-18T21:17:00+11:00,300m,5th Grade,5,Red Hot Rangoon,Peter Neilson,17.78,2548,
Taree,NSW,9,Tg Ladbrokes Quick Multi 8-15,2026-03-18T21:17:00+11:00,300m,5th Grade,6,Tap Out Gracie,Melanie Mabbott,17.68,1376,
Taree,NSW,9,Tg Ladbrokes Quick Multi 8-15,2026-03-18T21:17:00+11:00,300m,5th Grade,7,Just Too Easy,Brian Smoothy,17.75,7242,
Taree,NSW,9,Tg Ladbrokes Quick Multi 8-15,2026-03-18T21:17:00+11:00,300m,5th Grade,8,Ivy Star,Beverley Sloan,17.54,7716,
Taree,NSW,9,Tg Ladbrokes Quick Multi 8-15,2026-03-18T21:17:00+11:00,300m,5th Grade,9,Got A Secret,Larry Croker,17.90,5685,
Taree,NSW,10,Tg Harrington Bakehouse and Cafe 8-15,2026-03-18T21:41:00+11:00,300m,5th Grade,1,Midweek Scotches,Jason Carter,17.41,5643,
Taree,NSW,10,Tg Harrington Bakehouse and Cafe 8-15,2026-03-18T21:41:00+11:00,300m,5th Grade,2,Shipley's Girl,Peter Neilson,17.26,4555,
Taree,NSW,10,Tg Harrington Bakehouse and Cafe 8-15,2026-03-18T21:41:00+11:00,300m,5th Grade,3,Scotch Lass,Beverley Sloan,17.63,5841,
Taree,NSW,10,Tg Harrington Bakehouse and Cafe 8-15,2026-03-18T21:41:00+11:00,300m,5th Grade,4,Tulloch Road,Gregory Baldwin,17.61,1718,
Taree,NSW,10,Tg Harrington Bakehouse and Cafe 8-15,2026-03-18T21:41:00+11:00,300m,5th Grade,5,Quirky Nacho,Melanie Mabbott,17.51,3826,
Taree,NSW,10,Tg Harrington Bakehouse and Cafe 8-15,2026-03-18T21:41:00+11:00,300m,5th Grade,6,Kingsbrae Maggie,Arron Watson,17.53,3734,
Taree,NSW,10,Tg Harrington Bakehouse and Cafe 8-15,2026-03-18T21:41:00+11:00,300m,5th Grade,7,Port Before Bed,Brian Smoothy,17.76,1755,
Taree,NSW,10,Tg Harrington Bakehouse and Cafe 8-15,2026-03-18T21:41:00+11:00,300m,5th Grade,8,Ritzy Ritzy,Brian Smoothy,17.67,1466,
Taree,NSW,10,Tg Harrington Bakehouse and Cafe 8-15,2026-03-18T21:41:00+11:00,300m,5th Grade,9,Got A Secret,Larry Croker,17.90,5685,
Taree,NSW,11,Tg Npc Electrical 8-15,2026-03-18T21:59:00+11:00,300m,5th Grade,1,Bugle Girl,Aaron Shearman,17.69,5665,
Taree,NSW,11,Tg Npc Electrical 8-15,2026-03-18T21:59:00+11:00,300m,5th Grade,2,Let's Trot Will,Troy Dunn,17.59,7727,
Taree,NSW,11,Tg Npc Electrical 8-15,2026-03-18T21:59:00+11:00,300m,5th Grade,3,Tralee Tiny,Melanie Mabbott,17.74,5614,
Taree,NSW,11,Tg Npc Electrical 8-15,2026-03-18T21:59:00+11:00,300m,5th Grade,4,Redshift Foxtrot,Terry Callen,17.65,3878,
Taree,NSW,11,Tg Npc Electrical 8-15,2026-03-18T21:59:00+11:00,300m,5th Grade,5,Good Odds Cuba,,17.69,1478,
Taree,NSW,11,Tg Npc Electrical 8-15,2026-03-18T21:59:00+11:00,300m,5th Grade,6,Not A Boodie,Jason Carter,17.36,6564,
Taree,NSW,11,Tg Npc Electrical 8-15,2026-03-18T21:59:00+11:00,300m,5th Grade,7,Ultra Special,Jonathan Childs,17.92,4137,
Taree,NSW,11,Tg Npc Electrical 8-15,2026-03-18T21:59:00+11:00,300m,5th Grade,8,Becky Belle,Danial Stone,17.67,6366,
Taree,NSW,11,Tg Npc Electrical 8-15,2026-03-18T21:59:00+11:00,300m,5th Grade,9,Got A Secret,Larry Croker,17.90,5685,
Taree,NSW,12,Tg Fab Con Manning Valley 8-15,2026-03-18T22:18:00+11:00,300m,5th Grade,1,Impress Bev,Lauren Bramble,17.80,8364,
Taree,NSW,12,Tg Fab Con Manning Valley 8-15,2026-03-18T22:18:00+11:00,300m,5th Grade,2,Tabloid Gossip,Julie King,18.43,5488,
Taree,NSW,12,Tg Fab Con Manning Valley 8-15,2026-03-18T22:18:00+11:00,300m,5th Grade,3,Lipschitz,Allan Woods,17.71,5563,
Taree,NSW,12,Tg Fab Con Manning Valley 8-15,2026-03-18T22:18:00+11:00,300m,5th Grade,4,Chucky's Dream,Beverley Sloan,17.63,7245,
Taree,NSW,12,Tg Fab Con Manning Valley 8-15,2026-03-18T22:18:00+11:00,300m,5th Grade,5,Sugar Drop Baby,Beverley Sloan,17.71,8178,
Taree,NSW,12,Tg Fab Con Manning Valley 8-15,2026-03-18T22:18:00+11:00,300m,5th Grade,6,In The Darkness,Beverley Sloan,18.00,6276,
Taree,NSW,12,Tg Fab Con Manning Valley 8-15,2026-03-18T22:18:00+11:00,300m,5th Grade,7,Stitched Up Lucy,Julie King,18.13,7873,
Taree,NSW,12,Tg Fab Con Manning Valley 8-15,2026-03-18T22:18:00+11:00,300m,5th Grade,8,Floyd's Dream,Tony Desira,18.05,5568,
Taree,NSW,12,Tg Fab Con Manning Valley 8-15,2026-03-18T22:18:00+11:00,300m,5th Grade,9,Got A Secret,Larry Croker,17.90,5685,
Richmond,NSW,5,Sires on Ice @ Richmond 0-2 Win Final F,2026-03-18T20:27:00+11:00,520m,Mixed,1,Hello Shelly,Christine Proctor,30.21,5352,
Richmond,NSW,5,Sires on Ice @ Richmond 0-2 Win Final F,2026-03-18T20:27:00+11:00,520m,Mixed,2,Itchy's Magic,Katherine Vella,30.38,6444,
Richmond,NSW,5,Sires on Ice @ Richmond 0-2 Win Final F,2026-03-18T20:27:00+11:00,520m,Mixed,3,Spring Drop,Gregory Board,30.31,1663,
Richmond,NSW,5,Sires on Ice @ Richmond 0-2 Win Final F,2026-03-18T20:27:00+11:00,520m,Mixed,4,Betty Bullpit,Deanne Tull,29.93,3322,
Richmond,NSW,5,Sires on Ice @ Richmond 0-2 Win Final F,2026-03-18T20:27:00+11:00,520m,Mixed,5,Gull Wing,Deanne Tull,30.02,4231,
Richmond,NSW,5,Sires on Ice @ Richmond 0-2 Win Final F,2026-03-18T20:27:00+11:00,520m,Mixed,6,Tammy Road,Ian Forno,29.92,2633,
Richmond,NSW,5,Sires on Ice @ Richmond 0-2 Win Final F,2026-03-18T20:27:00+11:00,520m,Mixed,7,Zhang,Andrew Crouch,29.94,1814,
Richmond,NSW,5,Sires on Ice @ Richmond 0-2 Win Final F,2026-03-18T20:27:00+11:00,520m,Mixed,8,Midnight Hoyeon,,29.97,6121,
Richmond,NSW,5,Sires on Ice @ Richmond 0-2 Win Final F,2026-03-18T20:27:00+11:00,520m,Mixed,9,Kabayel,Glenn Starr,30.10,3215,
Richmond,NSW,5,Sires on Ice @ Richmond 0-2 Win Final F,2026-03-18T20:27:00+11:00,520m,Mixed,10,Unplug Ben,David,29.96,5775,
Richmond,NSW,6,Steeline Riverstone Masters Heat 1 H,2026-03-18T20:50:00+11:00,401m,M2/M3,1,Major Soko,Troy Vella,23.07,2247,
Richmond,NSW,6,Steeline Riverstone Masters Heat 1 H,2026-03-18T20:50:00+11:00,401m,M2/M3,2,Midnight Star,,22.81,5431,
Richmond,NSW,6,Steeline Riverstone Masters Heat 1 H,2026-03-18T20:50:00+11:00,401m,M2/M3,3,Kamari Girl,Mark Swift,23.26,5761,
Richmond,NSW,6,Steeline Riverstone Masters Heat 1 H,2026-03-18T20:50:00+11:00,401m,M2/M3,4,Crafty Chap,John Chapman,22.83,5335,
Richmond,NSW,6,Steeline Riverstone Masters Heat 1 H,2026-03-18T20:50:00+11:00,401m,M2/M3,5,Cheeky Sloy,Bradley,22.86,6866,
Richmond,NSW,6,Steeline Riverstone Masters Heat 1 H,2026-03-18T20:50:00+11:00,401m,M2/M3,6,Imploding Mirage,Victor Ellul,NBT,5234,
Richmond,NSW,6,Steeline Riverstone Masters Heat 1 H,2026-03-18T20:50:00+11:00,401m,M2/M3,7,Soul Panoramic,Troy Vella,23.06,4412,
Richmond,NSW,6,Steeline Riverstone Masters Heat 1 H,2026-03-18T20:50:00+11:00,401m,M2/M3,8,Despicable Goat,Sarah Easey,NBT,1235,
Richmond,NSW,6,Steeline Riverstone Masters Heat 1 H,2026-03-18T20:50:00+11:00,401m,M2/M3,9,Appin Way,Vincent Spiteri,23.00,6547,
Richmond,NSW,6,Steeline Riverstone Masters Heat 1 H,2026-03-18T20:50:00+11:00,401m,M2/M3,10,Zambora Fletch,,23.33,4664,
Richmond,NSW,7,Ladbrokes Blackbook Masters Ht 2 H,2026-03-18T21:10:00+11:00,401m,M2/M3,1,She's Our Joy,Adam Wade,22.76,1852,
Richmond,NSW,7,Ladbrokes Blackbook Masters Ht 2 H,2026-03-18T21:10:00+11:00,401m,M2/M3,2,Fantasia Queen,Mackayla Clarke,22.85,3325,
Richmond,NSW,7,Ladbrokes Blackbook Masters Ht 2 H,2026-03-18T21:10:00+11:00,401m,M2/M3,3,Extremely Potent,Troy Vella,23.19,4684,
Richmond,NSW,7,Ladbrokes Blackbook Masters Ht 2 H,2026-03-18T21:10:00+11:00,401m,M2/M3,4,Open Road,Mathew Wotton,23.00,5752,
Richmond,NSW,7,Ladbrokes Blackbook Masters Ht 2 H,2026-03-18T21:10:00+11:00,401m,M2/M3,5,Beth Dutton,Christopher Green,22.64,5653,
Richmond,NSW,7,Ladbrokes Blackbook Masters Ht 2 H,2026-03-18T21:10:00+11:00,401m,M2/M3,6,Zipping Strop,Melinda Finn,23.03,2323,
Richmond,NSW,7,Ladbrokes Blackbook Masters Ht 2 H,2026-03-18T21:10:00+11:00,401m,M2/M3,7,No More Trouble,John Polidano,22.70,2312,
Richmond,NSW,7,Ladbrokes Blackbook Masters Ht 2 H,2026-03-18T21:10:00+11:00,401m,M2/M3,8,Sienna,Danielle Swain,23.17,6624,
Richmond,NSW,7,Ladbrokes Blackbook Masters Ht 2 H,2026-03-18T21:10:00+11:00,401m,M2/M3,9,Zambora Fletch,,23.33,4664,
Richmond,NSW,7,Ladbrokes Blackbook Masters Ht 2 H,2026-03-18T21:10:00+11:00,401m,M2/M3,10,Appin Way,Vincent Spiteri,23.00,6547,
Richmond,NSW,8,T &amp; C Plumbing Services,2026-03-18T21:30:00+11:00,320m,Free For All,1,Bugatti Rico,,18.23,4151,
Richmond,NSW,8,T &amp; C Plumbing Services,2026-03-18T21:30:00+11:00,320m,Free For All,2,Maybe Next Week,Melinda Finn,17.97,3343,
Richmond,NSW,8,T &amp; C Plumbing Services,2026-03-18T21:30:00+11:00,320m,Free For All,3,Stephen Witherap,Joanne Zammit,17.91,2115,
Richmond,NSW,8,T &amp; C Plumbing Services,2026-03-18T21:30:00+11:00,320m,Free For All,4,Nirmada,Bradley,18.20,8617,
Richmond,NSW,8,T &amp; C Plumbing Services,2026-03-18T21:30:00+11:00,320m,Free For All,5,Sammy My Boy,Therese Simmons,18.15,4151,
Richmond,NSW,8,T &amp; C Plumbing Services,2026-03-18T21:30:00+11:00,320m,Free For All,6,Cheeky Cheeky,Anthony Messina,18.00,5864,
Richmond,NSW,8,T &amp; C Plumbing Services,2026-03-18T21:30:00+11:00,320m,Free For All,7,Grid Girl,Ben Izzard,18.09,2341,
Richmond,NSW,8,T &amp; C Plumbing Services,2026-03-18T21:30:00+11:00,320m,Free For All,8,Near Impossible,Kerry Drynan,18.21,1322,
Richmond,NSW,9,Poolwerx Richmond-kurrajong,2026-03-18T21:53:00+11:00,520m,4th/5th Grade,1,Spring Witness,Gregory Board,30.07,2373,
Richmond,NSW,9,Poolwerx Richmond-kurrajong,2026-03-18T21:53:00+11:00,520m,4th/5th Grade,2,Winsome Storm,Melinda Finn,29.68,4325,
Richmond,NSW,9,Poolwerx Richmond-kurrajong,2026-03-18T21:53:00+11:00,520m,4th/5th Grade,3,Big Town Tilly,George Tyrpenou,29.96,1166,
Richmond,NSW,9,Poolwerx Richmond-kurrajong,2026-03-18T21:53:00+11:00,520m,4th/5th Grade,4,Valley Cash,Phillip Cini,29.86,6235,
Richmond,NSW,9,Poolwerx Richmond-kurrajong,2026-03-18T21:53:00+11:00,520m,4th/5th Grade,6,Winsome Rambo,Melinda Finn,29.48,7227,
Richmond,NSW,9,Poolwerx Richmond-kurrajong,2026-03-18T21:53:00+11:00,520m,4th/5th Grade,7,Pink Panama,John Callaughan,29.99,5456,
Richmond,NSW,9,Poolwerx Richmond-kurrajong,2026-03-18T21:53:00+11:00,520m,4th/5th Grade,8,Our Inspiration,Anthony Messina,29.88,6121,
Richmond,NSW,10,Greyhound Products Direct,2026-03-18T22:14:00+11:00,401m,4th/5th Grade,1,Zipping Augusta,Melinda Finn,22.97,1326,
Richmond,NSW,10,Greyhound Products Direct,2026-03-18T22:14:00+11:00,401m,4th/5th Grade,2,Mark To Market,Christine Proctor,22.59,8144,
Richmond,NSW,10,Greyhound Products Direct,2026-03-18T22:14:00+11:00,401m,4th/5th Grade,3,Zipping Admiral,Courtney Barnes,22.96,7212,
Richmond,NSW,10,Greyhound Products Direct,2026-03-18T22:14:00+11:00,401m,4th/5th Grade,4,Fear To Excel,Allen Williams,22.58,1424,
Richmond,NSW,10,Greyhound Products Direct,2026-03-18T22:14:00+11:00,401m,4th/5th Grade,5,Zipping Georgia,Melinda Finn,22.69,4451,
Richmond,NSW,10,Greyhound Products Direct,2026-03-18T22:14:00+11:00,401m,4th/5th Grade,6,Layla's Lilly,Bradley,22.90,2562,
Richmond,NSW,10,Greyhound Products Direct,2026-03-18T22:14:00+11:00,401m,4th/5th Grade,7,Zipping Balboa,Courtney Barnes,22.61,5753,
Richmond,NSW,10,Greyhound Products Direct,2026-03-18T22:14:00+11:00,401m,4th/5th Grade,8,Go Forward Rocky,Adam Campton,22.63,3443,
Richmond,NSW,10,Greyhound Products Direct,2026-03-18T22:14:00+11:00,401m,4th/5th Grade,9,New Surprise,Leonardus Vanderburg,22.84,1456,
Richmond,NSW,10,Greyhound Products Direct,2026-03-18T22:14:00+11:00,401m,4th/5th Grade,10,Not Definite,Leonard Polidano,22.85,1637,
Richmond,NSW,11,gapnsw.com.au,2026-03-18T22:30:00+11:00,401m,5th Grade,1,Spring Dazzler,Gregory Board,NBT,7621,
Richmond,NSW,11,gapnsw.com.au,2026-03-18T22:30:00+11:00,401m,5th Grade,2,Go Forward Kenny,Adam Campton,23.44,7162,
Richmond,NSW,11,gapnsw.com.au,2026-03-18T22:30:00+11:00,401m,5th Grade,3,True Request,Sam Simonetta,23.13,2861,
Richmond,NSW,11,gapnsw.com.au,2026-03-18T22:30:00+11:00,401m,5th Grade,4,Ray's Beauty,Kenneth Gorry,NBT,1132,
Richmond,NSW,11,gapnsw.com.au,2026-03-18T22:30:00+11:00,401m,5th Grade,5,Blue Franky,John Chapman,23.22,5231,
Richmond,NSW,11,gapnsw.com.au,2026-03-18T22:30:00+11:00,401m,5th Grade,6,Mister Anatoly,Deanne Tull,23.04,4122,
Richmond,NSW,11,gapnsw.com.au,2026-03-18T22:30:00+11:00,401m,5th Grade,7,Touch Of Venom,Gregory Sutherland,23.07,6623,
Richmond,NSW,11,gapnsw.com.au,2026-03-18T22:30:00+11:00,401m,5th Grade,8,Gravel Dust,Joanne Zammit,NBT,5651,
Richmond,NSW,11,gapnsw.com.au,2026-03-18T22:30:00+11:00,401m,5th Grade,9,Frankly,Alan Proctor,23.11,7633,
Richmond,NSW,11,gapnsw.com.au,2026-03-18T22:30:00+11:00,401m,5th Grade,10,Ultimate Sin,Troy Vella,NBT,6228,
Richmond,NSW,12,The Lids Fly Hosted Pots,2026-03-18T22:50:00+11:00,320m,4th/5th Grade,1,Sneaky Jade,Nick Kilner,18.05,4122,
Richmond,NSW,12,The Lids Fly Hosted Pots,2026-03-18T22:50:00+11:00,320m,4th/5th Grade,2,Spencer Fury,Shaun Flaherty,18.33,2621,
Richmond,NSW,12,The Lids Fly Hosted Pots,2026-03-18T22:50:00+11:00,320m,4th/5th Grade,3,Supreme Lady,Leonardus Vanderburg,17.98,4513,
Richmond,NSW,12,The Lids Fly Hosted Pots,2026-03-18T22:50:00+11:00,320m,4th/5th Grade,4,Shy Sheena,Alan Proctor,18.27,1246,
Richmond,NSW,12,The Lids Fly Hosted Pots,2026-03-18T22:50:00+11:00,320m,4th/5th Grade,5,Slick Tease,Wayne Carr,18.19,3441,
Richmond,NSW,12,The Lids Fly Hosted Pots,2026-03-18T22:50:00+11:00,320m,4th/5th Grade,6,Reborn Spark,Anthony Orley,18.22,5321,
Richmond,NSW,12,The Lids Fly Hosted Pots,2026-03-18T22:50:00+11:00,320m,4th/5th Grade,7,Cochise Squaw,Bradley,18.10,3374,
Richmond,NSW,12,The Lids Fly Hosted Pots,2026-03-18T22:50:00+11:00,320m,4th/5th Grade,8,Lucia Power,John Polidano,18.38,212F,
Richmond,NSW,12,The Lids Fly Hosted Pots,2026-03-18T22:50:00+11:00,320m,4th/5th Grade,9,Ivy's Might,Christopher Green,18.28,2285,
Richmond,NSW,12,The Lids Fly Hosted Pots,2026-03-18T22:50:00+11:00,320m,4th/5th Grade,10,Dire,Danielle Swain,18.27,3524,
Ballarat,VIC,7,Eureka Concrete,2026-03-18T20:30:00+11:00,545m,Mixed 4/5,1,He's Magic,Kayla Cottrell,31.01,1482,
Ballarat,VIC,7,Eureka Concrete,2026-03-18T20:30:00+11:00,545m,Mixed 4/5,2,Voltage Strike,Tracey Deglaitis,30.77,6316,
Ballarat,VIC,7,Eureka Concrete,2026-03-18T20:30:00+11:00,545m,Mixed 4/5,3,Scotch Time,Donna Knight,32.39,7556,
Ballarat,VIC,7,Eureka Concrete,2026-03-18T20:30:00+11:00,545m,Mixed 4/5,4,Bronze,Troy Deglaitis,31.78,2253,
Ballarat,VIC,7,Eureka Concrete,2026-03-18T20:30:00+11:00,545m,Mixed 4/5,6,Lektra Otis,Joanne Pengelly,31.09,5444,
Ballarat,VIC,7,Eureka Concrete,2026-03-18T20:30:00+11:00,545m,Mixed 4/5,7,Maddie Odd Sock,Joanne Pengelly,31.00,5572,
Ballarat,VIC,7,Eureka Concrete,2026-03-18T20:30:00+11:00,545m,Mixed 4/5,8,Hurricane Bert,Shaun Coulson,31.59,4472,
Ballarat,VIC,8,Alsop and Co Catering,2026-03-18T20:53:00+11:00,450m,Mixed 4/5,1,Lektra Skip,Philip Lenehan,NBT,5343,
Ballarat,VIC,8,Alsop and Co Catering,2026-03-18T20:53:00+11:00,450m,Mixed 4/5,2,Aston Hedland,Cody Hose,25.66,1235,
Ballarat,VIC,8,Alsop and Co Catering,2026-03-18T20:53:00+11:00,450m,Mixed 4/5,3,Paw Ultra,Correy Grenfell,25.55,8313,
Ballarat,VIC,8,Alsop and Co Catering,2026-03-18T20:53:00+11:00,450m,Mixed 4/5,4,Nighttime,Geoffrey Mitchell,25.82,2837,
Ballarat,VIC,8,Alsop and Co Catering,2026-03-18T20:53:00+11:00,450m,Mixed 4/5,5,Blanket Game,Peter Inguanti,25.33,6165,
Ballarat,VIC,8,Alsop and Co Catering,2026-03-18T20:53:00+11:00,450m,Mixed 4/5,6,Flying Muffin,Kim Erenshaw,25.77,2T38,
Ballarat,VIC,8,Alsop and Co Catering,2026-03-18T20:53:00+11:00,450m,Mixed 4/5,7,Hunterview Lad,David Geall,25.46,4343,
Ballarat,VIC,8,Alsop and Co Catering,2026-03-18T20:53:00+11:00,450m,Mixed 4/5,8,Still Believe,Tracey Deglaitis,26.02,5112,
Ballarat,VIC,9,Happy Horse Produce,2026-03-18T21:13:00+11:00,390m,Mixed 3/4,1,Paw Roxy,Mark Delbridge,21.85,4825,
Ballarat,VIC,9,Happy Horse Produce,2026-03-18T21:13:00+11:00,390m,Mixed 3/4,2,Paw Estrella,Luke Harris,22.04,1131,
Ballarat,VIC,9,Happy Horse Produce,2026-03-18T21:13:00+11:00,390m,Mixed 3/4,3,Lilly Zoom,Michelle Mallia,21.88,2322,
Ballarat,VIC,9,Happy Horse Produce,2026-03-18T21:13:00+11:00,390m,Mixed 3/4,4,Willow's Girl,Debbie Goudge,21.89,7525,
Ballarat,VIC,9,Happy Horse Produce,2026-03-18T21:13:00+11:00,390m,Mixed 3/4,5,Better Banjo,Manuel Valcarcel Fuentes,22.02,6152,
Ballarat,VIC,9,Happy Horse Produce,2026-03-18T21:13:00+11:00,390m,Mixed 3/4,6,Flying Currency,Kim Erenshaw,22.21,2211,
Ballarat,VIC,9,Happy Horse Produce,2026-03-18T21:13:00+11:00,390m,Mixed 3/4,7,Lektra Princess,Sharon Bradley,22.02,2212,
Ballarat,VIC,9,Happy Horse Produce,2026-03-18T21:13:00+11:00,390m,Mixed 3/4,8,Paw Judd,Luke Harris,22.47,5275,
Ballarat,VIC,10,Greyhound Clubs Victoria,2026-03-18T21:33:00+11:00,390m,Grade 5,1,Key Begonia,Donna Knight,22.66,5525,
Ballarat,VIC,10,Greyhound Clubs Victoria,2026-03-18T21:33:00+11:00,390m,Grade 5,2,Paw Nelly,Mark Delbridge,22.23,3464,
Ballarat,VIC,10,Greyhound Clubs Victoria,2026-03-18T21:33:00+11:00,390m,Grade 5,3,Complex Thinking,Pasqalia Cassar,22.35,4188,
Ballarat,VIC,10,Greyhound Clubs Victoria,2026-03-18T21:33:00+11:00,390m,Grade 5,4,Mauritian Lucas,Shane Jackson,22.38,1522,
Ballarat,VIC,10,Greyhound Clubs Victoria,2026-03-18T21:33:00+11:00,390m,Grade 5,5,Aston Chant,Mark Mcclelland,NBT,5612,
Ballarat,VIC,10,Greyhound Clubs Victoria,2026-03-18T21:33:00+11:00,390m,Grade 5,6,Squeegee's Ride,Shane Jackson,22.43,5254,
Ballarat,VIC,10,Greyhound Clubs Victoria,2026-03-18T21:33:00+11:00,390m,Grade 5,7,Super Seafarer,,22.34,1456,
Ballarat,VIC,10,Greyhound Clubs Victoria,2026-03-18T21:33:00+11:00,390m,Grade 5,8,Phoenix Red,Catherine,22.17,4715,
Ballarat,VIC,11,Sportsbet Fast Form,2026-03-18T21:56:00+11:00,390m,Grade 5,1,Idyllic James,Clint Capuano,22.00,1418,
Ballarat,VIC,11,Sportsbet Fast Form,2026-03-18T21:56:00+11:00,390m,Grade 5,2,Moyarra Kongk,Steven Waycott,22.39,1413,
Ballarat,VIC,11,Sportsbet Fast Form,2026-03-18T21:56:00+11:00,390m,Grade 5,3,Slick Ivan,David Geall,21.89,1242,
Ballarat,VIC,11,Sportsbet Fast Form,2026-03-18T21:56:00+11:00,390m,Grade 5,4,Come And See,Ebony Deglaitis,21.91,3123,
Ballarat,VIC,11,Sportsbet Fast Form,2026-03-18T21:56:00+11:00,390m,Grade 5,5,Simply Ned,Sandra Waycott,22.48,8375,
Ballarat,VIC,11,Sportsbet Fast Form,2026-03-18T21:56:00+11:00,390m,Grade 5,6,Lochinvar Cosmo,Jack Osborne,NBT,2111,
Ballarat,VIC,11,Sportsbet Fast Form,2026-03-18T21:56:00+11:00,390m,Grade 5,7,Papa Easy,Jason Portelli,22.13,3246,
Ballarat,VIC,11,Sportsbet Fast Form,2026-03-18T21:56:00+11:00,390m,Grade 5,8,Misclassified,Aaron Debattista,NBT,6124,
Ballarat,VIC,12,Two More Races to Go,2026-03-18T22:17:00+11:00,390m,Grade 5,1,Lektra Bills,Sharon Bradley,22.22,7172,
Ballarat,VIC,12,Two More Races to Go,2026-03-18T22:17:00+11:00,390m,Grade 5,2,Aston Warrior,Bruno Panetta,22.02,3166,
Ballarat,VIC,12,Two More Races to Go,2026-03-18T22:17:00+11:00,390m,Grade 5,3,Paw Kenneth,Correy Grenfell,22.54,1177,
Ballarat,VIC,12,Two More Races to Go,2026-03-18T22:17:00+11:00,390m,Grade 5,4,Aston Monarchy,Ann Panetta,22.12,4163,
Ballarat,VIC,12,Two More Races to Go,2026-03-18T22:17:00+11:00,390m,Grade 5,5,Energiser Dash,Scott Millard,22.72,1376,
Ballarat,VIC,12,Two More Races to Go,2026-03-18T22:17:00+11:00,390m,Grade 5,6,Paw Palmer,Correy Grenfell,22.77,4115,
Ballarat,VIC,12,Two More Races to Go,2026-03-18T22:17:00+11:00,390m,Grade 5,7,Fancy Faye,Chloe Dew,22.52,5132,
Ballarat,VIC,12,Two More Races to Go,2026-03-18T22:17:00+11:00,390m,Grade 5,8,Collective Kaos,Catherine,22.17,3123,
Ballarat,VIC,13,Ballarat Race 13,2026-03-18T22:37:00+11:00,390m,Grade 5,1,Bragging Rights,Mark,22.22,1565,
Ballarat,VIC,13,Ballarat Race 13,2026-03-18T22:37:00+11:00,390m,Grade 5,2,Paw Qwerty,Samantha Grenfell,NBT,5411,
Ballarat,VIC,13,Ballarat Race 13,2026-03-18T22:37:00+11:00,390m,Grade 5,3,Sumo Smash,Donna Pace,22.07,4534,
Ballarat,VIC,13,Ballarat Race 13,2026-03-18T22:37:00+11:00,390m,Grade 5,4,Vinny Dewalt,Alfred King,22.32,4713,
Ballarat,VIC,13,Ballarat Race 13,2026-03-18T22:37:00+11:00,390m,Grade 5,5,Higher Force,Alfred Debattista,22.19,6647,
Ballarat,VIC,13,Ballarat Race 13,2026-03-18T22:37:00+11:00,390m,Grade 5,6,Paw Callie,Mark Delbridge,22.20,6626,
Ballarat,VIC,13,Ballarat Race 13,2026-03-18T22:37:00+11:00,390m,Grade 5,7,Pocket Riot,Colin Bermingham,NBT,5467,
Ballarat,VIC,13,Ballarat Race 13,2026-03-18T22:37:00+11:00,390m,Grade 5,8,Paw Yaz,Luke Harris,22.38,5373,
Ballarat,VIC,14,Ballarat Race 14,2026-03-18T22:53:00+11:00,390m,Grade 5,1,Lucy School,Colin Brennan,22.12,1844,
Ballarat,VIC,14,Ballarat Race 14,2026-03-18T22:53:00+11:00,390m,Grade 5,2,Dinosaur,Chloe Dew,22.46,5733,
Ballarat,VIC,14,Ballarat Race 14,2026-03-18T22:53:00+11:00,390m,Grade 5,3,Kate's Rift,Amy Pickering,22.15,4741,
Ballarat,VIC,14,Ballarat Race 14,2026-03-18T22:53:00+11:00,390m,Grade 5,4,Paw Amaran,Nikita  Harris,22.30,4711,
Ballarat,VIC,14,Ballarat Race 14,2026-03-18T22:53:00+11:00,390m,Grade 5,5,Call It Fate,Shane Jackson,22.44,7772,
Ballarat,VIC,14,Ballarat Race 14,2026-03-18T22:53:00+11:00,390m,Grade 5,6,Loud Mouth Louie,Correy Grenfell,NBT,2267,
Ballarat,VIC,14,Ballarat Race 14,2026-03-18T22:53:00+11:00,390m,Grade 5,7,Rolling Express,Bruce Wellington,22.51,4658,
Ballarat,VIC,14,Ballarat Race 14,2026-03-18T22:53:00+11:00,390m,Grade 5,8,Aston Cleese,Catherine,22.39,3412,
Angle Park,SA,7,Greyhounds As Pets (n/p) Tg 5+w Series F Pr2 Divis,2026-03-18T20:24:00+11:00,342m,Other,1,Flying Embers,Gary Pidgeon,19.84,5434,
Angle Park,SA,7,Greyhounds As Pets (n/p) Tg 5+w Series F Pr2 Divis,2026-03-18T20:24:00+11:00,342m,Other,2,Zara Turbo,Graeme Stirling,19.64,6563,
Angle Park,SA,7,Greyhounds As Pets (n/p) Tg 5+w Series F Pr2 Divis,2026-03-18T20:24:00+11:00,342m,Other,4,Lockaba Nitro,Wendy Sebastyan,19.78,5654,
Angle Park,SA,7,Greyhounds As Pets (n/p) Tg 5+w Series F Pr2 Divis,2026-03-18T20:24:00+11:00,342m,Other,5,Slipper's Solo,Barry Jones,19.74,6446,
Angle Park,SA,7,Greyhounds As Pets (n/p) Tg 5+w Series F Pr2 Divis,2026-03-18T20:24:00+11:00,342m,Other,7,Cool It Mister,Lester Harris,19.68,2561,
Angle Park,SA,7,Greyhounds As Pets (n/p) Tg 5+w Series F Pr2 Divis,2026-03-18T20:24:00+11:00,342m,Other,8,Bonnie Diva,Des Hockley,19.93,2564,
Angle Park,SA,7,Greyhounds As Pets (n/p) Tg 5+w Series F Pr2 Divis,2026-03-18T20:24:00+11:00,342m,Other,9,Slipper's Appeal,Barry Jones,19.59,4668,
Angle Park,SA,7,Greyhounds As Pets (n/p) Tg 5+w Series F Pr2 Divis,2026-03-18T20:24:00+11:00,342m,Other,10,Let's Go Pies,,19.75,5251,
Angle Park,SA,8,Follow Thedogssa on X (n/p) Tg 5+w Series 2 F Pr2,2026-03-18T20:41:00+11:00,342m,Other,1,Let's Go Pies,,19.75,5251,
Angle Park,SA,8,Follow Thedogssa on X (n/p) Tg 5+w Series 2 F Pr2,2026-03-18T20:41:00+11:00,342m,Other,2,Life's A Joke,,19.86,5531,
Angle Park,SA,8,Follow Thedogssa on X (n/p) Tg 5+w Series 2 F Pr2,2026-03-18T20:41:00+11:00,342m,Other,4,Slipper's Appeal,Barry Jones,19.59,4668,
Angle Park,SA,8,Follow Thedogssa on X (n/p) Tg 5+w Series 2 F Pr2,2026-03-18T20:41:00+11:00,342m,Other,5,Dawn Said So,Kevin Bewley,19.98,1115,
Angle Park,SA,8,Follow Thedogssa on X (n/p) Tg 5+w Series 2 F Pr2,2026-03-18T20:41:00+11:00,342m,Other,7,Aston Baker,Marcello Calicchio,19.90,6353,
Angle Park,SA,8,Follow Thedogssa on X (n/p) Tg 5+w Series 2 F Pr2,2026-03-18T20:41:00+11:00,342m,Other,8,Fancy In Design,Sharyn Gray,19.95,6452,
Angle Park,SA,8,Follow Thedogssa on X (n/p) Tg 5+w Series 2 F Pr2,2026-03-18T20:41:00+11:00,342m,Other,9,Wait And See,Don Turner,19.98,1432,
Angle Park,SA,8,Follow Thedogssa on X (n/p) Tg 5+w Series 2 F Pr2,2026-03-18T20:41:00+11:00,342m,Other,10,Here Comes Shaka,Kevin Bewley,19.86,3413,
Angle Park,SA,9,Www.gapsa.org.au (n/p) Tg 5+w Series 3 F Pr2 Divis,2026-03-18T21:06:00+11:00,342m,Other,1,Spare,Wendy Sebastyan,20.00,2611,
Angle Park,SA,9,Www.gapsa.org.au (n/p) Tg 5+w Series 3 F Pr2 Divis,2026-03-18T21:06:00+11:00,342m,Other,2,Rafferty Blues,Tania Foster,19.67,5632,
Angle Park,SA,9,Www.gapsa.org.au (n/p) Tg 5+w Series 3 F Pr2 Divis,2026-03-18T21:06:00+11:00,342m,Other,4,Thundering Lady,Clint Trengove,19.79,3233,
Angle Park,SA,9,Www.gapsa.org.au (n/p) Tg 5+w Series 3 F Pr2 Divis,2026-03-18T21:06:00+11:00,342m,Other,5,Wait And See,Don Turner,19.98,1432,
Angle Park,SA,9,Www.gapsa.org.au (n/p) Tg 5+w Series 3 F Pr2 Divis,2026-03-18T21:06:00+11:00,342m,Other,7,Cabao Nickel,Trev Jessup,19.64,27F2,
Angle Park,SA,9,Www.gapsa.org.au (n/p) Tg 5+w Series 3 F Pr2 Divis,2026-03-18T21:06:00+11:00,342m,Other,8,Here Comes Shaka,Kevin Bewley,19.86,3413,
Angle Park,SA,9,Www.gapsa.org.au (n/p) Tg 5+w Series 3 F Pr2 Divis,2026-03-18T21:06:00+11:00,342m,Other,9,Aston Biden,Heidi Drganc,19.78,1564,
Angle Park,SA,9,Www.gapsa.org.au (n/p) Tg 5+w Series 3 F Pr2 Divis,2026-03-18T21:06:00+11:00,342m,Other,10,Crying Tiger,Heidi Drganc,19.75,2361,
Angle Park,SA,10,We Love Our Dogs (n/p) Tg 5+w Series 4 F Pr2 Divis,2026-03-18T21:27:00+11:00,342m,Other,1,Crying Tiger,Heidi Drganc,19.75,2361,
Angle Park,SA,10,We Love Our Dogs (n/p) Tg 5+w Series 4 F Pr2 Divis,2026-03-18T21:27:00+11:00,342m,Other,2,Brindle Benny,Bob Isaacson,19.46,2443,
Angle Park,SA,10,We Love Our Dogs (n/p) Tg 5+w Series 4 F Pr2 Divis,2026-03-18T21:27:00+11:00,342m,Other,4,Optimistic Reign,Neil,NBT,4735,
Angle Park,SA,10,We Love Our Dogs (n/p) Tg 5+w Series 4 F Pr2 Divis,2026-03-18T21:27:00+11:00,342m,Other,5,Fabulous Boo,Dharminder Singh,19.76,1144,
Angle Park,SA,10,We Love Our Dogs (n/p) Tg 5+w Series 4 F Pr2 Divis,2026-03-18T21:27:00+11:00,342m,Other,7,Aston Biden,Heidi Drganc,19.78,1564,
Angle Park,SA,10,We Love Our Dogs (n/p) Tg 5+w Series 4 F Pr2 Divis,2026-03-18T21:27:00+11:00,342m,Other,8,Elegant Cindy,Marcello Calicchio,19.68,1131,
Angle Park,SA,10,We Love Our Dogs (n/p) Tg 5+w Series 4 F Pr2 Divis,2026-03-18T21:27:00+11:00,342m,Other,9,Smooth Paradise,Kevin Bewley,19.78,1536,
Angle Park,SA,10,We Love Our Dogs (n/p) Tg 5+w Series 4 F Pr2 Divis,2026-03-18T21:27:00+11:00,342m,Other,10,Hayden's Milk,Neil,19.69,6233,
Angle Park,SA,11,Fresh Pet Food Co (n/p) Tg 5+w Series 5 F Pr2 Divi,2026-03-18T21:50:00+11:00,342m,Other,1,Elegant Zephyr,Lester Harris,19.77,1211,
Angle Park,SA,11,Fresh Pet Food Co (n/p) Tg 5+w Series 5 F Pr2 Divi,2026-03-18T21:50:00+11:00,342m,Other,2,Hayden's Milk,Neil,19.69,6233,
Angle Park,SA,11,Fresh Pet Food Co (n/p) Tg 5+w Series 5 F Pr2 Divi,2026-03-18T21:50:00+11:00,342m,Other,4,Smooth Paradise,Kevin Bewley,19.78,1536,
Angle Park,SA,11,Fresh Pet Food Co (n/p) Tg 5+w Series 5 F Pr2 Divi,2026-03-18T21:50:00+11:00,342m,Other,5,Blue Energy,Bob Isaacson,19.71,3463,
Angle Park,SA,11,Fresh Pet Food Co (n/p) Tg 5+w Series 5 F Pr2 Divi,2026-03-18T21:50:00+11:00,342m,Other,7,Flash Gordon,Tim,19.77,3256,
Angle Park,SA,11,Fresh Pet Food Co (n/p) Tg 5+w Series 5 F Pr2 Divi,2026-03-18T21:50:00+11:00,342m,Other,8,Sudoku Rosie,,19.67,5125,
Angle Park,SA,11,Fresh Pet Food Co (n/p) Tg 5+w Series 5 F Pr2 Divi,2026-03-18T21:50:00+11:00,342m,Other,9,Our Bella Rose,Des Hockley,19.68,4362,
Angle Park,SA,11,Fresh Pet Food Co (n/p) Tg 5+w Series 5 F Pr2 Divi,2026-03-18T21:50:00+11:00,342m,Other,10,Binnaway Sands,Don Gordon,19.70,5653,
Angle Park,SA,12,Sky Racing (n/p) Tg 5+w Series 6 F Pr2 Division1,2026-03-18T22:11:00+11:00,342m,Other,1,Victa Bob,Kevin Bewley,19.79,4234,
Angle Park,SA,12,Sky Racing (n/p) Tg 5+w Series 6 F Pr2 Division1,2026-03-18T22:11:00+11:00,342m,Other,2,Minh Jack,Don Turner,19.59,5443,
Angle Park,SA,12,Sky Racing (n/p) Tg 5+w Series 6 F Pr2 Division1,2026-03-18T22:11:00+11:00,342m,Other,4,Starlet Edition,,19.58,2352,
Angle Park,SA,12,Sky Racing (n/p) Tg 5+w Series 6 F Pr2 Division1,2026-03-18T22:11:00+11:00,342m,Other,5,Binnaway Sands,Don Gordon,19.70,5653,
Angle Park,SA,12,Sky Racing (n/p) Tg 5+w Series 6 F Pr2 Division1,2026-03-18T22:11:00+11:00,342m,Other,7,Shaka Goes Bang,Kevin Bewley,19.72,5113,
Angle Park,SA,12,Sky Racing (n/p) Tg 5+w Series 6 F Pr2 Division1,2026-03-18T22:11:00+11:00,342m,Other,8,Our Bella Rose,Des Hockley,19.68,4362,
Angle Park,SA,12,Sky Racing (n/p) Tg 5+w Series 6 F Pr2 Division1,2026-03-18T22:11:00+11:00,342m,Other,9,Cantara Pearl,Tanya Bialek,19.81,5355,
Angle Park,SA,12,Sky Racing (n/p) Tg 5+w Series 6 F Pr2 Division1,2026-03-18T22:11:00+11:00,342m,Other,10,Prime Voltage,Kevin Bewley,19.39,3574,
Meadows,VIC,5,Sportsbet Ht1,2026-03-18T20:20:00+11:00,525m,Grade 5 Heat,1,Can't Ignore Her,Gary Thorneycroft,NBT,5627,
Meadows,VIC,5,Sportsbet Ht1,2026-03-18T20:20:00+11:00,525m,Grade 5 Heat,2,Belair Brindle,Elizabeth Steel,30.45,2456,
Meadows,VIC,5,Sportsbet Ht1,2026-03-18T20:20:00+11:00,525m,Grade 5 Heat,3,Flash Of Genius,,NBT,6265,
Meadows,VIC,5,Sportsbet Ht1,2026-03-18T20:20:00+11:00,525m,Grade 5 Heat,4,Moonlight Miller,Matthew Lanigan,30.46,3327,
Meadows,VIC,5,Sportsbet Ht1,2026-03-18T20:20:00+11:00,525m,Grade 5 Heat,5,Mighty Scar,Matthew Clark,30.26,2234,
Meadows,VIC,5,Sportsbet Ht1,2026-03-18T20:20:00+11:00,525m,Grade 5 Heat,6,Pass Mark,Jeffrey Britton,30.38,6288,
Meadows,VIC,5,Sportsbet Ht1,2026-03-18T20:20:00+11:00,525m,Grade 5 Heat,7,Miss Coco,,NBT,7612,
Meadows,VIC,5,Sportsbet Ht1,2026-03-18T20:20:00+11:00,525m,Grade 5 Heat,8,Belair Laurel,Trevor Steel,30.88,7746,
Meadows,VIC,6,Sportsbet Ht2,2026-03-18T20:44:00+11:00,525m,Grade 5 Heat,1,Overland Boy,,30.40,2111,
Meadows,VIC,6,Sportsbet Ht2,2026-03-18T20:44:00+11:00,525m,Grade 5 Heat,2,In One Moment,Gary Thorneycroft,NBT,4162,
Meadows,VIC,6,Sportsbet Ht2,2026-03-18T20:44:00+11:00,525m,Grade 5 Heat,3,Kid Blue,Peter Akathiotis,30.50,1447,
Meadows,VIC,6,Sportsbet Ht2,2026-03-18T20:44:00+11:00,525m,Grade 5 Heat,4,Analyzation,Ashlee Terry,NBT,5415,
Meadows,VIC,6,Sportsbet Ht2,2026-03-18T20:44:00+11:00,525m,Grade 5 Heat,6,So He Thinks,Stefano Cassar,30.25,6163,
Meadows,VIC,6,Sportsbet Ht2,2026-03-18T20:44:00+11:00,525m,Grade 5 Heat,7,Belair Betty,Trevor Steel,30.62,4681,
Meadows,VIC,6,Sportsbet Ht2,2026-03-18T20:44:00+11:00,525m,Grade 5 Heat,8,Par Excellence,Jeff Geall,30.69,1131,
Meadows,VIC,7,Sportsbet Ht3,2026-03-18T21:03:00+11:00,525m,Grade 5 Heat,1,Champlain,Greg Johnson,30.15,1645,
Meadows,VIC,7,Sportsbet Ht3,2026-03-18T21:03:00+11:00,525m,Grade 5 Heat,2,My Long Black,Thomas Dailly,30.57,8318,
Meadows,VIC,7,Sportsbet Ht3,2026-03-18T21:03:00+11:00,525m,Grade 5 Heat,3,Belair Crown,Trevor Steel,30.71,6314,
Meadows,VIC,7,Sportsbet Ht3,2026-03-18T21:03:00+11:00,525m,Grade 5 Heat,4,Maximum Reed,Christopher Cassar,30.90,5486,
Meadows,VIC,7,Sportsbet Ht3,2026-03-18T21:03:00+11:00,525m,Grade 5 Heat,5,Scott Sigma,Emma Scott,30.50,2111,
Meadows,VIC,7,Sportsbet Ht3,2026-03-18T21:03:00+11:00,525m,Grade 5 Heat,6,Obscurus,Lisa Cockerell,30.67,8F28,
Meadows,VIC,7,Sportsbet Ht3,2026-03-18T21:03:00+11:00,525m,Grade 5 Heat,7,Mighty Multi,Michelle Mallia,30.39,3236,
Meadows,VIC,7,Sportsbet Ht3,2026-03-18T21:03:00+11:00,525m,Grade 5 Heat,8,Polly Tango,Shane Fisher,30.10,1185,
Meadows,VIC,8,Gorski Truck and Trailer,2026-03-18T21:23:00+11:00,525m,Grade 5,1,Paw Quebec,,30.50,2316,
Meadows,VIC,8,Gorski Truck and Trailer,2026-03-18T21:23:00+11:00,525m,Grade 5,2,No More Extras,,30.54,4141,
Meadows,VIC,8,Gorski Truck and Trailer,2026-03-18T21:23:00+11:00,525m,Grade 5,3,Altocumulus,Ashlee Terry,30.65,1422,
Meadows,VIC,8,Gorski Truck and Trailer,2026-03-18T21:23:00+11:00,525m,Grade 5,4,Black Thumb,Jye Formosa,30.17,7147,
Meadows,VIC,8,Gorski Truck and Trailer,2026-03-18T21:23:00+11:00,525m,Grade 5,6,Taste That,Mark Filomeno,30.87,1351,
Meadows,VIC,8,Gorski Truck and Trailer,2026-03-18T21:23:00+11:00,525m,Grade 5,7,Moraine Sara,Briana,NBT,5255,
Meadows,VIC,8,Gorski Truck and Trailer,2026-03-18T21:23:00+11:00,525m,Grade 5,8,Bit Of Potash,,30.56,3344,
Meadows,VIC,9,We Stand with Tasmania (1-2 Wins) (275+),2026-03-18T21:47:00+11:00,525m,Rank Limit - Restricted Win,1,Transponding,Mark Filomeno,31.07,7161,
Meadows,VIC,9,We Stand with Tasmania (1-2 Wins) (275+),2026-03-18T21:47:00+11:00,525m,Rank Limit - Restricted Win,2,Maxi Grin,Andrea Chapple,30.43,2761,
Meadows,VIC,9,We Stand with Tasmania (1-2 Wins) (275+),2026-03-18T21:47:00+11:00,525m,Rank Limit - Restricted Win,4,Miss Penelope,Sheldon Hamilton,31.65,5461,
Meadows,VIC,9,We Stand with Tasmania (1-2 Wins) (275+),2026-03-18T21:47:00+11:00,525m,Rank Limit - Restricted Win,5,Naringal Boy,Jacob,NBT,4217,
Meadows,VIC,9,We Stand with Tasmania (1-2 Wins) (275+),2026-03-18T21:47:00+11:00,525m,Rank Limit - Restricted Win,7,Taste,Mark Filomeno,30.17,1672,
Meadows,VIC,9,We Stand with Tasmania (1-2 Wins) (275+),2026-03-18T21:47:00+11:00,525m,Rank Limit - Restricted Win,8,Aston Ace,Michelle Mallia,NBT,18,
Meadows,VIC,10,Di Battista Real Estate,2026-03-18T22:08:00+11:00,525m,Grade 5,1,Angry Chief,Stephen Brincat,30.46,5334,
Meadows,VIC,10,Di Battista Real Estate,2026-03-18T22:08:00+11:00,525m,Grade 5,2,Obliviate,Lisa Cockerell,30.41,6446,
Meadows,VIC,10,Di Battista Real Estate,2026-03-18T22:08:00+11:00,525m,Grade 5,3,Wyong Houston,Emma Scott,30.12,7566,
Meadows,VIC,10,Di Battista Real Estate,2026-03-18T22:08:00+11:00,525m,Grade 5,4,Regal Barry,Sheldon Hamilton,30.27,2863,
Meadows,VIC,10,Di Battista Real Estate,2026-03-18T22:08:00+11:00,525m,Grade 5,6,Lady Breanna,Sheldon Hamilton,30.48,5761,
Meadows,VIC,10,Di Battista Real Estate,2026-03-18T22:08:00+11:00,525m,Grade 5,7,Sir Dodge,Sheldon Hamilton,30.12,5545,
Meadows,VIC,10,Di Battista Real Estate,2026-03-18T22:08:00+11:00,525m,Grade 5,8,Cruzado,Terrence,30.93,7645,
Meadows,VIC,11,Hector Fawley at Stud,2026-03-18T22:23:00+11:00,525m,Free For All,1,Reuben Hill,Jeff Geall,30.19,2665,
Meadows,VIC,11,Hector Fawley at Stud,2026-03-18T22:23:00+11:00,525m,Free For All,2,Paw Manny,,29.98,7547,
Meadows,VIC,11,Hector Fawley at Stud,2026-03-18T22:23:00+11:00,525m,Free For All,4,Go Go Evie,Tina Womann,30.30,6357,
Meadows,VIC,11,Hector Fawley at Stud,2026-03-18T22:23:00+11:00,525m,Free For All,5,Zipping Singh,Greg Johnson,30.15,6643,
Meadows,VIC,11,Hector Fawley at Stud,2026-03-18T22:23:00+11:00,525m,Free For All,7,Go For Gold,Tina Womann,30.07,5536,
Meadows,VIC,11,Hector Fawley at Stud,2026-03-18T22:23:00+11:00,525m,Free For All,8,White Crest,,29.83,5213,
Meadows,VIC,12,Gorski Australian Made Tippers (275+),2026-03-18T22:44:00+11:00,525m,Rank Limit - Grade 5,1,Out The Window,Briana,NBT,5431,
Meadows,VIC,12,Gorski Australian Made Tippers (275+),2026-03-18T22:44:00+11:00,525m,Rank Limit - Grade 5,2,Paw Julia,,30.47,1833,
Meadows,VIC,12,Gorski Australian Made Tippers (275+),2026-03-18T22:44:00+11:00,525m,Rank Limit - Grade 5,4,Strike It Mike,Bianca Clark,30.53,2712,
Meadows,VIC,12,Gorski Australian Made Tippers (275+),2026-03-18T22:44:00+11:00,525m,Rank Limit - Grade 5,6,Athens Aura,Briana,31.00,1757,
Meadows,VIC,12,Gorski Australian Made Tippers (275+),2026-03-18T22:44:00+11:00,525m,Rank Limit - Grade 5,8,Moraine Joker,Briana,30.67,5211,
BetDeluxe Rockhampton,QLD,3,Reggie&#39;s Podcast,2026-03-18T20:17:00+11:00,407m,M5,1,Farmor Rogue,Steven Scott,23.79,7244,
BetDeluxe Rockhampton,QLD,3,Reggie&#39;s Podcast,2026-03-18T20:17:00+11:00,407m,M5,2,Astro Lee,Jedd Naum,NBT,1347,
BetDeluxe Rockhampton,QLD,3,Reggie&#39;s Podcast,2026-03-18T20:17:00+11:00,407m,M5,4,Burrum Betty,Mark Bube,23.81,5686,
BetDeluxe Rockhampton,QLD,3,Reggie&#39;s Podcast,2026-03-18T20:17:00+11:00,407m,M5,5,Slick Ram,Timothy Jones,23.71,6765,
BetDeluxe Rockhampton,QLD,3,Reggie&#39;s Podcast,2026-03-18T20:17:00+11:00,407m,M5,7,Kerri Beach,Kelly Suli,24.04,1488,
BetDeluxe Rockhampton,QLD,3,Reggie&#39;s Podcast,2026-03-18T20:17:00+11:00,407m,M5,8,Heffernan Bale,Jeff Kuhl,23.57,5547,
BetDeluxe Rockhampton,QLD,4,Betdeluxe Same Race Multi,2026-03-18T20:37:00+11:00,407m,4th/5th Grade,1,Jester Beach,Kelly Suli,24.00,6452,
BetDeluxe Rockhampton,QLD,4,Betdeluxe Same Race Multi,2026-03-18T20:37:00+11:00,407m,4th/5th Grade,2,Legends Told,Amber Boody,23.79,8412,
BetDeluxe Rockhampton,QLD,4,Betdeluxe Same Race Multi,2026-03-18T20:37:00+11:00,407m,4th/5th Grade,3,Rupee Ranger,Christine Pollard,23.88,4541,
BetDeluxe Rockhampton,QLD,4,Betdeluxe Same Race Multi,2026-03-18T20:37:00+11:00,407m,4th/5th Grade,4,Indigo Beach,Kelly Suli,24.08,7551,
BetDeluxe Rockhampton,QLD,4,Betdeluxe Same Race Multi,2026-03-18T20:37:00+11:00,407m,4th/5th Grade,5,Sorrento Beach,Kelly Suli,24.14,7736,
BetDeluxe Rockhampton,QLD,4,Betdeluxe Same Race Multi,2026-03-18T20:37:00+11:00,407m,4th/5th Grade,6,Miss Manaudou,Les Wisener,23.60,8334,
BetDeluxe Rockhampton,QLD,4,Betdeluxe Same Race Multi,2026-03-18T20:37:00+11:00,407m,4th/5th Grade,7,Aston Hayes,Mark Bube,23.79,1265,
BetDeluxe Rockhampton,QLD,4,Betdeluxe Same Race Multi,2026-03-18T20:37:00+11:00,407m,4th/5th Grade,8,Rachel Sparkles,Jeff Kuhl,23.97,8817,
BetDeluxe Rockhampton,QLD,5,Deluxe Your Punting,2026-03-18T21:00:00+11:00,407m,4th Grade,1,Bargara Killian,Jeff Kuhl,23.72,2441,
BetDeluxe Rockhampton,QLD,5,Deluxe Your Punting,2026-03-18T21:00:00+11:00,407m,4th Grade,2,Quinlan,Juanita Thompson,23.88,4414,
BetDeluxe Rockhampton,QLD,5,Deluxe Your Punting,2026-03-18T21:00:00+11:00,407m,4th Grade,3,Sirius Billy,Kelly Suli,23.76,5761,
BetDeluxe Rockhampton,QLD,5,Deluxe Your Punting,2026-03-18T21:00:00+11:00,407m,4th Grade,4,Swerve,Mark Bube,23.65,1627,
BetDeluxe Rockhampton,QLD,5,Deluxe Your Punting,2026-03-18T21:00:00+11:00,407m,4th Grade,6,Bahama Blue,Christine Pollard,23.77,3731,
BetDeluxe Rockhampton,QLD,5,Deluxe Your Punting,2026-03-18T21:00:00+11:00,407m,4th Grade,7,Spring Oliver,Kelly Suli,23.98,5156,
BetDeluxe Rockhampton,QLD,5,Deluxe Your Punting,2026-03-18T21:00:00+11:00,407m,4th Grade,8,Can't Touch Me,Amber Boody,23.66,2157,
BetDeluxe Rockhampton,QLD,6,Dynamic Electrical,2026-03-18T21:20:00+11:00,407m,Free For All,1,Exploitation,Juanita Thompson,23.56,1131,
BetDeluxe Rockhampton,QLD,6,Dynamic Electrical,2026-03-18T21:20:00+11:00,407m,Free For All,2,Edgewood,Christine Pollard,23.35,4123,
BetDeluxe Rockhampton,QLD,6,Dynamic Electrical,2026-03-18T21:20:00+11:00,407m,Free For All,3,Hudson Riverline,Amber Boody,23.68,6447,
BetDeluxe Rockhampton,QLD,6,Dynamic Electrical,2026-03-18T21:20:00+11:00,407m,Free For All,4,Farmor Bacardi,Steven Scott,23.48,3482,
BetDeluxe Rockhampton,QLD,6,Dynamic Electrical,2026-03-18T21:20:00+11:00,407m,Free For All,6,Swan's Spirit,Phil Carter,NBT,4643,
BetDeluxe Rockhampton,QLD,6,Dynamic Electrical,2026-03-18T21:20:00+11:00,407m,Free For All,7,Sing My Song,Amber Boody,23.49,5118,
BetDeluxe Rockhampton,QLD,6,Dynamic Electrical,2026-03-18T21:20:00+11:00,407m,Free For All,8,Farmor Jacuzzis,Steven Scott,23.55,1215,
BetDeluxe Rockhampton,QLD,7,Anniversary Cup H,2026-03-18T21:44:00+11:00,510m,4th/5th Grade,1,Dream Design,Christine Pollard,30.64,1425,
BetDeluxe Rockhampton,QLD,7,Anniversary Cup H,2026-03-18T21:44:00+11:00,510m,4th/5th Grade,2,Winter Bale,Juanita Thompson,29.94,3466,
BetDeluxe Rockhampton,QLD,7,Anniversary Cup H,2026-03-18T21:44:00+11:00,510m,4th/5th Grade,3,Canya Wow Me,Steven Scott,30.03,6167,
BetDeluxe Rockhampton,QLD,7,Anniversary Cup H,2026-03-18T21:44:00+11:00,510m,4th/5th Grade,4,Peaky Warlock,Jamie Hosking,NBT,1477,
BetDeluxe Rockhampton,QLD,7,Anniversary Cup H,2026-03-18T21:44:00+11:00,510m,4th/5th Grade,5,Bright Side,Amber Boody,30.24,2516,
BetDeluxe Rockhampton,QLD,7,Anniversary Cup H,2026-03-18T21:44:00+11:00,510m,4th/5th Grade,6,Canya Scarlet,Ken Boody,NBT,1311,
BetDeluxe Rockhampton,QLD,7,Anniversary Cup H,2026-03-18T21:44:00+11:00,510m,4th/5th Grade,7,Jalapeno Popper,Ken Boody,30.16,2315,
BetDeluxe Rockhampton,QLD,7,Anniversary Cup H,2026-03-18T21:44:00+11:00,510m,4th/5th Grade,8,Abraxas Bale,Timothy Jones,30.93,3288,
BetDeluxe Rockhampton,QLD,8,Anniversary Cup H,2026-03-18T22:02:00+11:00,510m,4th/5th Grade,1,Kej Stefani,Steven Scott,NBT,2514,
BetDeluxe Rockhampton,QLD,8,Anniversary Cup H,2026-03-18T22:02:00+11:00,510m,4th/5th Grade,2,Quick Shot,Juanita Thompson,NBT,2161,
BetDeluxe Rockhampton,QLD,8,Anniversary Cup H,2026-03-18T22:02:00+11:00,510m,4th/5th Grade,3,Tough One,Garry Cluse,NBT,3151,
BetDeluxe Rockhampton,QLD,8,Anniversary Cup H,2026-03-18T22:02:00+11:00,510m,4th/5th Grade,4,Non Stop Tommy,Jamie Hosking,NBT,1151,
BetDeluxe Rockhampton,QLD,8,Anniversary Cup H,2026-03-18T22:02:00+11:00,510m,4th/5th Grade,5,Zipping Gatsby,Ben Davey,29.99,5424,
BetDeluxe Rockhampton,QLD,8,Anniversary Cup H,2026-03-18T22:02:00+11:00,510m,4th/5th Grade,6,Rolling Along,Ken Boody,30.13,1653,
BetDeluxe Rockhampton,QLD,8,Anniversary Cup H,2026-03-18T22:02:00+11:00,510m,4th/5th Grade,7,Abraxos,Ken Boody,30.06,3513,
BetDeluxe Rockhampton,QLD,8,Anniversary Cup H,2026-03-18T22:02:00+11:00,510m,4th/5th Grade,8,Bushman's Archie,Jeff Kuhl,NBT,1231,
BetDeluxe Rockhampton,QLD,9,Place a Srm with Betdeluxe,2026-03-18T22:20:00+11:00,407m,5th Grade,1,Bella Matilda,Phil Carter,24.05,4624,
BetDeluxe Rockhampton,QLD,9,Place a Srm with Betdeluxe,2026-03-18T22:20:00+11:00,407m,5th Grade,2,Sunburnt Dawn,Garry Cluse,23.96,3542,
BetDeluxe Rockhampton,QLD,9,Place a Srm with Betdeluxe,2026-03-18T22:20:00+11:00,407m,5th Grade,3,Mustang Beach,Kelly Suli,24.06,6357,
BetDeluxe Rockhampton,QLD,9,Place a Srm with Betdeluxe,2026-03-18T22:20:00+11:00,407m,5th Grade,4,How's Warren,Les Wisener,23.94,7737,
BetDeluxe Rockhampton,QLD,9,Place a Srm with Betdeluxe,2026-03-18T22:20:00+11:00,407m,5th Grade,5,Agrari Beach,Kelly Suli,24.20,6466,
BetDeluxe Rockhampton,QLD,9,Place a Srm with Betdeluxe,2026-03-18T22:20:00+11:00,407m,5th Grade,6,Bev Beach,Kelly Suli,24.09,3862,
BetDeluxe Rockhampton,QLD,9,Place a Srm with Betdeluxe,2026-03-18T22:20:00+11:00,407m,5th Grade,7,Spring Seam,Kelly Suli,24.54,7548,
BetDeluxe Rockhampton,QLD,9,Place a Srm with Betdeluxe,2026-03-18T22:20:00+11:00,407m,5th Grade,8,Crisp Ride On,Juanita Thompson,23.87,3262,
