venue,state,race_number,race_name,race_time,distance,grade,box,dog_name,trainer,best_time,last_4_starts,speed_score,form_score,box_score,consist_score,composite,win_prob,implied_odds,predicted_rank
Angle Park,SA,7,Greyhounds As Pets (n/p) Tg 5+w Series F Pr2 Divis,2026-03-18T20:24:00+11:00,342m,Other,2,Zara Turbo,Graeme Stirling,19.64,6563,0.5044540366195478,0.6160130718954249,0.7,0.7550510257216823,0.7611076689211732,0.1718645801976131,5.818534562794622,1
Angle Park,SA,7,Greyhounds As Pets (n/p) Tg 5+w Series F Pr2 Divis,2026-03-18T20:24:00+11:00,342m,Other,1,Flying Embers,Gary Pidgeon,19.84,5434,0.49869794970513776,0.6862745098039216,0.8,0.8585786437626906,0.7587631532129735,0.17133516862496714,5.836513355812456,2
Angle Park,SA,7,Greyhounds As Pets (n/p) Tg 5+w Series F Pr2 Divis,2026-03-18T20:24:00+11:00,342m,Other,7,Cool It Mister,Lester Harris,19.68,2561,0.5017543201353105,0.7622549019607843,0.55,0.587689437438234,0.6169525477572375,0.13931312868314705,7.178074381448959,3
Angle Park,SA,7,Greyhounds As Pets (n/p) Tg 5+w Series F Pr2 Divis,2026-03-18T20:24:00+11:00,342m,Other,10,Let's Go Pies,,19.75,5251,0.5002741173731886,0.8149509803921567,0.3,0.6429285785728575,0.5778189498549036,0.13047642968543482,7.664219525403144,4
Angle Park,SA,8,Follow Thedogssa on X (n/p) Tg 5+w Series 2 F Pr2,2026-03-18T20:41:00+11:00,342m,Other,1,Let's Go Pies,,19.75,5251,0.5042212683894728,0.8149509803921567,0.8,0.6429285785728575,0.7887434554973821,0.165181594848857,6.053943242980619,1
Angle Park,SA,8,Follow Thedogssa on X (n/p) Tg 5+w Series 2 F Pr2,2026-03-18T20:41:00+11:00,342m,Other,2,Life's A Joke,,19.86,5531,0.5009250927584343,0.821078431372549,0.7,0.66833752096446,0.6855213436015828,0.1435644353684486,6.965513411685605,2
Angle Park,SA,8,Follow Thedogssa on X (n/p) Tg 5+w Series 2 F Pr2,2026-03-18T20:41:00+11:00,342m,Other,5,Dawn Said So,Kevin Bewley,19.98,1115,0.5021243173047051,0.795751633986928,0.5,0.6535898384862245,0.6294482365907849,0.13182139626033526,7.586021908196837,3
Angle Park,SA,8,Follow Thedogssa on X (n/p) Tg 5+w Series 2 F Pr2,2026-03-18T20:41:00+11:00,342m,Other,9,Wait And See,Don Turner,19.98,1432,0.49790901558243866,0.832516339869281,0.3,0.7763932022500211,0.6241701975854013,0.13071604965554603,7.650169987810459,4
Angle Park,SA,9,Www.gapsa.org.au (n/p) Tg 5+w Series 3 F Pr2 Divis,2026-03-18T21:06:00+11:00,342m,Other,5,Wait And See,Don Turner,19.98,1432,0.502367701980791,0.832516339869281,0.5,0.7763932022500211,0.8080182955161311,0.16063868756480384,6.2251504613207596,1
Angle Park,SA,9,Www.gapsa.org.au (n/p) Tg 5+w Series 3 F Pr2 Divis,2026-03-18T21:06:00+11:00,342m,Other,8,Here Comes Shaka,Kevin Bewley,19.86,3413,0.5015989686923853,0.8206699346405227,0.65,0.7820550528229663,0.7997470599369405,0.15899431832792685,6.28953292492813,2
Angle Park,SA,9,Www.gapsa.org.au (n/p) Tg 5+w Series 3 F Pr2 Divis,2026-03-18T21:06:00+11:00,342m,Other,2,Rafferty Blues,Tania Foster,19.67,5632,0.502213955954236,0.7516339869281045,0.7,0.683772233983162,0.7577264604647872,0.15064038131022447,6.6383262661864135,3
Angle Park,SA,9,Www.gapsa.org.au (n/p) Tg 5+w Series 3 F Pr2 Divis,2026-03-18T21:06:00+11:00,342m,Other,4,Thundering Lady,Clint Trengove,19.79,3233,0.5008302292811181,0.7961601307189542,0.5,0.9133974596215562,0.7325639164684328,0.1456379227448722,6.866343471211102,4
Angle Park,SA,10,We Love Our Dogs (n/p) Tg 5+w Series 4 F Pr2 Divis,2026-03-18T21:27:00+11:00,342m,Other,2,Brindle Benny,Bob Isaacson,19.46,2443,0.5043462053803491,0.7397875816993464,0.7,0.83416876048223,0.798319623971798,0.2094352482004038,4.774745457570365,1
Angle Park,SA,10,We Love Our Dogs (n/p) Tg 5+w Series 4 F Pr2 Divis,2026-03-18T21:27:00+11:00,342m,Other,8,Elegant Cindy,Marcello Calicchio,19.68,1131,0.49996011084154546,0.9387254901960782,0.65,0.8267949192431123,0.7771306339409669,0.20387642031622322,4.90493210764122,2
Angle Park,SA,10,We Love Our Dogs (n/p) Tg 5+w Series 4 F Pr2 Divis,2026-03-18T21:27:00+11:00,342m,Other,5,Fabulous Boo,Dharminder Singh,19.76,1144,0.5039474836852431,0.7549019607843137,0.5,0.7,0.6128449715423929,0.1607768804238798,6.219799745856198,3
Angle Park,SA,10,We Love Our Dogs (n/p) Tg 5+w Series 4 F Pr2 Divis,2026-03-18T21:27:00+11:00,342m,Other,1,Crying Tiger,Heidi Drganc,19.75,2361,0.4991626236208122,0.7990196078431372,0.8,0.6258342613226059,0.48627822694224043,0.12757271410592083,7.838666810598086,4
Angle Park,SA,11,Fresh Pet Food Co (n/p) Tg 5+w Series 5 F Pr2 Divi,2026-03-18T21:50:00+11:00,342m,Other,1,Elegant Zephyr,Lester Harris,19.77,1211,0.5005582265448231,0.9816176470588235,0.8,0.9133974596215562,0.833628332525771,0.25193489539904884,3.9692794379121783,1
Angle Park,SA,11,Fresh Pet Food Co (n/p) Tg 5+w Series 5 F Pr2 Divi,2026-03-18T21:50:00+11:00,342m,Other,9,Our Bella Rose,Des Hockley,19.68,4362,0.5065189933538002,0.7258986928104574,0.3,0.7041960108450191,0.5175105781760908,0.1563994028197982,6.393886306280785,2
Angle Park,SA,11,Fresh Pet Food Co (n/p) Tg 5+w Series 5 F Pr2 Divi,2026-03-18T21:50:00+11:00,342m,Other,5,Blue Energy,Bob Isaacson,19.71,3463,0.5023325754865438,0.667483660130719,0.5,0.7550510257216823,0.4510361956641282,0.13630985457456754,7.336226739593179,3
Angle Park,SA,11,Fresh Pet Food Co (n/p) Tg 5+w Series 5 F Pr2 Divi,2026-03-18T21:50:00+11:00,342m,Other,8,Sudoku Rosie,,19.67,5125,0.49934208709292643,0.7209967320261437,0.65,0.6429285785728575,0.377323421066772,0.11403275645640287,8.769410045632993,4
Angle Park,SA,12,Sky Racing (n/p) Tg 5+w Series 6 F Pr2 Division1,2026-03-18T22:11:00+11:00,342m,Other,1,Victa Bob,Kevin Bewley,19.79,4234,0.5053229287178675,0.7340686274509803,0.8,0.83416876048223,0.848945656167954,0.213019029350064,4.694416283141793,1
Angle Park,SA,12,Sky Racing (n/p) Tg 5+w Series 6 F Pr2 Division1,2026-03-18T22:11:00+11:00,342m,Other,8,Our Bella Rose,Des Hockley,19.68,4362,0.5032122014838749,0.7258986928104574,0.65,0.7041960108450191,0.5999262397818238,0.1505346123765017,6.642990500409984,2
Angle Park,SA,12,Sky Racing (n/p) Tg 5+w Series 6 F Pr2 Division1,2026-03-18T22:11:00+11:00,342m,Other,2,Minh Jack,Don Turner,19.59,5443,0.49595292231189375,0.7066993464052288,0.7,0.8585786437626906,0.5548179066487178,0.13921594519232972,7.183085232215888,3
Angle Park,SA,12,Sky Racing (n/p) Tg 5+w Series 6 F Pr2 Division1,2026-03-18T22:11:00+11:00,342m,Other,9,Cantara Pearl,Tanya Bialek,19.81,5355,0.5047539945996693,0.5923202614379084,0.3,0.8267949192431123,0.5268367770293976,0.13219486789683946,7.564590183488569,4
Ballarat,VIC,7,Eureka Concrete,2026-03-18T20:30:00+11:00,545m,Mixed 4/5,1,He's Magic,Kayla Cottrell,31.01,1482,0.505683160561662,0.679330065359477,0.65,0.46380973526181957,0.7241860465116278,0.18317084399080924,5.4593841367580085,1
Ballarat,VIC,7,Eureka Concrete,2026-03-18T20:30:00+11:00,545m,Mixed 4/5,4,Bronze,Troy Deglaitis,31.78,2253,0.5008463484263564,0.7459150326797386,0.55,0.7550510257216823,0.6734941492038231,0.1703491697013186,5.870295709414657,2
Ballarat,VIC,7,Eureka Concrete,2026-03-18T20:30:00+11:00,545m,Mixed 4/5,6,Lektra Otis,Joanne Pengelly,31.09,5444,0.5014912788426118,0.6556372549019608,0.55,0.9133974596215562,0.655286681558535,0.16574389287834237,6.033404806860725,3
Ballarat,VIC,7,Eureka Concrete,2026-03-18T20:30:00+11:00,545m,Mixed 4/5,2,Voltage Strike,Tracey Deglaitis,30.77,6316,0.5042321708858462,0.6527777777777777,0.6,0.5757359312880715,0.6369257275932728,0.16109979423753895,6.207332571297495,4
Ballarat,VIC,8,Alsop and Co Catering,2026-03-18T20:53:00+11:00,450m,Mixed 4/5,1,Lektra Skip,Philip Lenehan,NBT,5343,0.5,0.7250816993464052,0.75,0.83416876048223,0.6940157327738349,0.18003938899886876,5.5543401116868,1
Ballarat,VIC,8,Alsop and Co Catering,2026-03-18T20:53:00+11:00,450m,Mixed 4/5,8,Still Believe,Tracey Deglaitis,26.02,5112,0.5,0.9048202614379084,0.6,0.6721280737849,0.6548980013140567,0.16989158954929148,5.886106561560336,2
Ballarat,VIC,8,Alsop and Co Catering,2026-03-18T20:53:00+11:00,450m,Mixed 4/5,7,Hunterview Lad,David Geall,25.46,4343,0.5,0.736111111111111,0.55,0.9,0.603774509803926,0.1566292934076963,6.384501763645592,3
Ballarat,VIC,8,Alsop and Co Catering,2026-03-18T20:53:00+11:00,450m,Mixed 4/5,2,Aston Hedland,Cody Hose,25.66,1235,0.5,0.71609477124183,0.65,0.7041960108450191,0.582935293051615,0.15122324902840595,6.612739816297419,4
Ballarat,VIC,9,Happy Horse Produce,2026-03-18T21:13:00+11:00,390m,Mixed 3/4,2,Paw Estrella,Luke Harris,22.04,1131,0.5026011968227347,0.9387254901960782,0.65,0.8267949192431123,0.8202874840978189,0.1860957297553315,5.373578433609118,1
Ballarat,VIC,9,Happy Horse Produce,2026-03-18T21:13:00+11:00,390m,Mixed 3/4,6,Flying Currency,Kim Erenshaw,22.21,2211,0.49997466335528573,0.9705882352941176,0.5,0.9,0.7273345618996463,0.16500782798344896,6.060318545010511,2
Ballarat,VIC,9,Happy Horse Produce,2026-03-18T21:13:00+11:00,390m,Mixed 3/4,3,Lilly Zoom,Michelle Mallia,21.88,2322,0.5005807904083224,0.8705065359477122,0.55,0.9133974596215562,0.7094522134056853,0.16095092262132107,6.2130740458863984,3
Ballarat,VIC,9,Happy Horse Produce,2026-03-18T21:13:00+11:00,390m,Mixed 3/4,7,Lektra Princess,Sharon Bradley,22.02,2212,0.4908835281622174,0.9195261437908494,0.55,0.9133974596215562,0.49362754607177484,0.11198754119062722,8.92956474772298,4
Ballarat,VIC,10,Greyhound Clubs Victoria,2026-03-18T21:33:00+11:00,390m,Grade 5,1,Key Begonia,Donna Knight,22.66,5525,0.5003524010363212,0.6474673202614378,0.75,0.7401923788646684,0.7385980195740084,0.16148760463623998,6.192425742226822,1
Ballarat,VIC,10,Greyhound Clubs Victoria,2026-03-18T21:33:00+11:00,390m,Grade 5,5,Aston Chant,Mark Mcclelland,NBT,5612,0.5033284317956114,0.812908496732026,0.5,0.587689437438234,0.7241213645004536,0.15832241831158428,6.316224895150121,2
Ballarat,VIC,10,Greyhound Clubs Victoria,2026-03-18T21:33:00+11:00,390m,Grade 5,4,Mauritian Lucas,Shane Jackson,22.38,1522,0.5001957658967949,0.8447712418300652,0.5,0.7,0.6929251236489103,0.15150164967253957,6.6005881926792975,3
Ballarat,VIC,10,Greyhound Clubs Victoria,2026-03-18T21:33:00+11:00,390m,Grade 5,2,Paw Nelly,Mark Delbridge,22.23,3464,0.5003524010363212,0.616421568627451,0.65,0.7820550528229663,0.6804238664503239,0.1487683657664906,6.721859145576804,4
Ballarat,VIC,11,Sportsbet Fast Form,2026-03-18T21:56:00+11:00,390m,Grade 5,8,Misclassified,Aaron Debattista,NBT,6124,0.505462339656137,0.7610294117647058,0.6,0.6159427126065696,0.6487878777259082,0.17386245121120833,5.751673193570697,1
Ballarat,VIC,11,Sportsbet Fast Form,2026-03-18T21:56:00+11:00,390m,Grade 5,2,Moyarra Kongk,Steven Waycott,22.39,1413,0.49990863217445997,0.8427287581699345,0.65,0.7401923788646684,0.553402474791688,0.1483010303936041,6.743041483568329,2
Ballarat,VIC,11,Sportsbet Fast Form,2026-03-18T21:56:00+11:00,390m,Grade 5,6,Lochinvar Cosmo,Jack Osborne,NBT,2111,0.49798984450641964,0.9889705882352942,0.5,0.9133974596215562,0.5455955361248133,0.14620892365166552,6.839527814201296,3
Ballarat,VIC,11,Sportsbet Fast Form,2026-03-18T21:56:00+11:00,390m,Grade 5,3,Slick Ivan,David Geall,21.89,1242,0.49990863217445997,0.8386437908496731,0.55,0.7820550528229663,0.5080686123377609,0.1361524426660736,7.344708478367825,4
Ballarat,VIC,12,Two More Races to Go,2026-03-18T22:17:00+11:00,390m,Grade 5,7,Fancy Faye,Chloe Dew,22.52,5132,0.5062454103886799,0.8435457516339869,0.55,0.7041960108450191,0.8186663726812667,0.22772653042393762,4.391231878597507,1
Ballarat,VIC,12,Two More Races to Go,2026-03-18T22:17:00+11:00,390m,Grade 5,8,Collective Kaos,Catherine,22.17,3123,0.5007766550248883,0.8451797385620914,0.6,0.83416876048223,0.7572408189678517,0.21063992629152226,4.747438045605922,2
Ballarat,VIC,12,Two More Races to Go,2026-03-18T22:17:00+11:00,390m,Grade 5,6,Paw Palmer,Correy Grenfell,22.77,4115,0.5017033663974471,0.7626633986928104,0.5,0.6429285785728575,0.5612194375079129,0.15611311222124588,6.405611839848435,3
Ballarat,VIC,12,Two More Races to Go,2026-03-18T22:17:00+11:00,390m,Grade 5,1,Lektra Bills,Sharon Bradley,22.22,7172,0.49888402191589093,0.698937908496732,0.75,0.44547317467952907,0.48450490371005217,0.13477360787876283,7.41985033820243,4
Ballarat,VIC,13,Ballarat Race 13,2026-03-18T22:37:00+11:00,390m,Grade 5,3,Sumo Smash,Donna Pace,22.07,4534,0.5060530487528427,0.678921568627451,0.55,0.8585786437626906,0.7325398461969748,0.2198861315647237,4.547808417401936,1
Ballarat,VIC,13,Ballarat Race 13,2026-03-18T22:37:00+11:00,390m,Grade 5,8,Paw Yaz,Luke Harris,22.38,5373,0.506138767870032,0.6331699346405228,0.6,0.66833752096446,0.6048485808651475,0.1815571061687859,5.507908894903528,2
Ballarat,VIC,13,Ballarat Race 13,2026-03-18T22:37:00+11:00,390m,Grade 5,2,Paw Qwerty,Samantha Grenfell,NBT,5411,0.49837820032821406,0.900735294117647,0.65,0.6429285785728575,0.5512508427281496,0.16546869901831054,6.043439066921904,3
Ballarat,VIC,13,Ballarat Race 13,2026-03-18T22:37:00+11:00,390m,Grade 5,1,Bragging Rights,Mark,22.22,1565,0.5001370663256104,0.5690359477124183,0.75,0.6159427126065696,0.43079168978177823,0.129310533301522,7.733322061770739,4
Ballarat,VIC,14,Ballarat Race 14,2026-03-18T22:53:00+11:00,390m,Grade 5,8,Aston Cleese,Catherine,22.39,3412,0.5020557081483447,0.8717320261437908,0.6,0.7763932022500211,0.78978919316864,0.1995815605576603,5.010482918391121,1
Ballarat,VIC,14,Ballarat Race 14,2026-03-18T22:53:00+11:00,390m,Grade 5,3,Kate's Rift,Amy Pickering,22.15,4741,0.5104134517549772,0.7647058823529412,0.55,0.5757359312880715,0.6661221828182073,0.16833062027039616,5.940689806724768,2
Ballarat,VIC,14,Ballarat Race 14,2026-03-18T22:53:00+11:00,390m,Grade 5,2,Dinosaur,Chloe Dew,22.46,5733,0.5008768088276745,0.68218954248366,0.65,0.66833752096446,0.604647359736637,0.15279578992357715,6.544682942508843,3
Ballarat,VIC,14,Ballarat Race 14,2026-03-18T22:53:00+11:00,390m,Grade 5,4,Paw Amaran,Nikita  Harris,22.30,4711,0.5008768088276745,0.8566176470588234,0.5,0.5025062814466901,0.503321321384742,0.12719046506687395,7.862224573785637,4
BetDeluxe Rockhampton,QLD,3,Reggie&#39;s Podcast,2026-03-18T20:17:00+11:00,407m,M5,1,Farmor Rogue,Steven Scott,23.79,7244,0.49968006828510586,0.6703431372549019,0.75,0.6429285785728575,0.8099839517816966,0.2441521635903403,4.09580642372634,1
BetDeluxe Rockhampton,QLD,3,Reggie&#39;s Podcast,2026-03-18T20:17:00+11:00,407m,M5,2,Astro Lee,Jedd Naum,NBT,1347,0.503677352013374,0.5649509803921569,0.65,0.5669872981077806,0.7035269328644083,0.2120629951063715,4.715579912932932,2
BetDeluxe Rockhampton,QLD,3,Reggie&#39;s Podcast,2026-03-18T20:17:00+11:00,407m,M5,8,Heffernan Bale,Jeff Kuhl,23.57,5547,0.5018119751361754,0.48406862745098034,0.6,0.7820550528229663,0.6441773758736559,0.19417335332328867,5.150037236752312,3
BetDeluxe Rockhampton,QLD,3,Reggie&#39;s Podcast,2026-03-18T20:17:00+11:00,407m,M5,5,Slick Ram,Timothy Jones,23.71,6765,0.5023449459655056,0.47712418300653586,0.5,0.8585786437626906,0.6238300213161807,0.18804008287068313,5.318015099406806,4
BetDeluxe Rockhampton,QLD,4,Betdeluxe Same Race Multi,2026-03-18T20:37:00+11:00,407m,4th/5th Grade,3,Rupee Ranger,Christine Pollard,23.88,4541,0.5039573908353501,0.801470588235294,0.55,0.7,0.8632900945913525,0.22277747546262694,4.488784146257909,1
BetDeluxe Rockhampton,QLD,4,Betdeluxe Same Race Multi,2026-03-18T20:37:00+11:00,407m,4th/5th Grade,1,Jester Beach,Kelly Suli,24.00,6452,0.5011457570255017,0.71609477124183,0.75,0.7041960108450191,0.7259689298518,0.18734087935208532,5.3378632760691636,2
BetDeluxe Rockhampton,QLD,4,Betdeluxe Same Race Multi,2026-03-18T20:37:00+11:00,407m,4th/5th Grade,2,Legends Told,Amber Boody,23.79,8412,0.5017988265822666,0.8165849673202613,0.65,0.46380973526181957,0.6326552891590606,0.16326070348768434,6.125172675587764,3
BetDeluxe Rockhampton,QLD,4,Betdeluxe Same Race Multi,2026-03-18T20:37:00+11:00,407m,4th/5th Grade,4,Indigo Beach,Kelly Suli,24.08,7551,0.5023384750955902,0.7377450980392156,0.5,0.5641101056459326,0.5755546728176558,0.14852552786642384,6.732849324725835,4
BetDeluxe Rockhampton,QLD,5,Deluxe Your Punting,2026-03-18T21:00:00+11:00,407m,4th Grade,1,Bargara Killian,Jeff Kuhl,23.72,2441,0.4999100372293906,0.8419117647058824,0.75,0.7401923788646684,0.8630865187034986,0.2547188475466879,3.925897159285428,1
BetDeluxe Rockhampton,QLD,5,Deluxe Your Punting,2026-03-18T21:00:00+11:00,407m,4th Grade,6,Bahama Blue,Christine Pollard,23.77,3731,0.5038974075546102,0.8063725490196078,0.5,0.5641101056459326,0.6713612260376887,0.19813582309307168,5.047042904150974,2
BetDeluxe Rockhampton,QLD,5,Deluxe Your Punting,2026-03-18T21:00:00+11:00,407m,4th Grade,3,Sirius Billy,Kelly Suli,23.76,5761,0.5025483230739285,0.6924019607843136,0.55,0.544478321042785,0.5180341492599713,0.1528850916215729,6.540860128306289,3
BetDeluxe Rockhampton,QLD,5,Deluxe Your Punting,2026-03-18T21:00:00+11:00,407m,4th Grade,2,Quinlan,Juanita Thompson,23.88,4414,0.4937042578325271,0.758578431372549,0.65,0.7401923788646684,0.501304347826087,0.1479477004694955,6.759145271110072,4
BetDeluxe Rockhampton,QLD,6,Dynamic Electrical,2026-03-18T21:20:00+11:00,407m,Free For All,1,Exploitation,Juanita Thompson,23.56,1131,0.4998500816831562,0.9387254901960782,0.75,0.8267949192431123,0.7894432409607162,0.22700429157489832,4.405203060533584,1
BetDeluxe Rockhampton,QLD,6,Dynamic Electrical,2026-03-18T21:20:00+11:00,407m,Free For All,2,Edgewood,Christine Pollard,23.35,4123,0.4979613094276676,0.8341503267973854,0.65,0.7763932022500211,0.5907214515056223,0.16986186930163644,5.887136436866976,2
BetDeluxe Rockhampton,QLD,6,Dynamic Electrical,2026-03-18T21:20:00+11:00,407m,Free For All,6,Swan's Spirit,Phil Carter,NBT,4643,0.5047666197906139,0.6809640522875817,0.5,0.7820550528229663,0.5605680383509308,0.16119125964081274,6.203810319668261,3
BetDeluxe Rockhampton,QLD,6,Dynamic Electrical,2026-03-18T21:20:00+11:00,407m,Free For All,8,Farmor Jacuzzis,Steven Scott,23.55,1215,0.49883081529844686,0.7773692810457515,0.6,0.6721280737849,0.49297215418578955,0.14175407277021115,7.054471031820291,4
BetDeluxe Rockhampton,QLD,7,Anniversary Cup H,2026-03-18T21:44:00+11:00,510m,4th/5th Grade,1,Dream Design,Christine Pollard,30.64,1425,0.49937044299310873,0.7099673202614379,0.65,0.683772233983162,0.6885347885641545,0.18327129917087112,5.4563917237671795,1
BetDeluxe Rockhampton,QLD,7,Anniversary Cup H,2026-03-18T21:44:00+11:00,510m,4th/5th Grade,2,Winter Bale,Juanita Thompson,29.94,3466,0.5020685789823317,0.514297385620915,0.6,0.7401923788646684,0.6258210263786874,0.16657841325933714,6.003178805906578,2
BetDeluxe Rockhampton,QLD,7,Anniversary Cup H,2026-03-18T21:44:00+11:00,510m,4th/5th Grade,7,Jalapeno Popper,Ken Boody,30.16,2315,0.5000000355389802,0.7479575163398693,0.55,0.7041960108450191,0.5888080601731777,0.15672645731561902,6.380543637161268,3
BetDeluxe Rockhampton,QLD,7,Anniversary Cup H,2026-03-18T21:44:00+11:00,510m,4th/5th Grade,6,Canya Scarlet,Ken Boody,NBT,1311,0.49154645701958244,0.9632352941176471,0.55,0.8267949192431123,0.5,0.13308790072398408,7.513831043694475,4
BetDeluxe Rockhampton,QLD,8,Anniversary Cup H,2026-03-18T22:02:00+11:00,510m,4th/5th Grade,8,Bushman's Archie,Jeff Kuhl,NBT,1231,0.5034771634478672,0.9203431372549018,0.55,0.83416876048223,0.7243020141939598,0.21784995488778203,4.590315387098041,1
BetDeluxe Rockhampton,QLD,8,Anniversary Cup H,2026-03-18T22:02:00+11:00,510m,4th/5th Grade,4,Non Stop Tommy,Jamie Hosking,NBT,1151,0.508903318477629,0.8774509803921567,0.55,0.6535898384862245,0.6491630258666585,0.19525023143453102,5.1216328536609605,2
BetDeluxe Rockhampton,QLD,8,Anniversary Cup H,2026-03-18T22:02:00+11:00,510m,4th/5th Grade,1,Kej Stefani,Steven Scott,NBT,2514,0.4986509431930284,0.7622549019607843,0.65,0.683772233983162,0.44029340983871995,0.1324280446430833,7.551270599027378,3
BetDeluxe Rockhampton,QLD,8,Anniversary Cup H,2026-03-18T22:02:00+11:00,510m,4th/5th Grade,2,Quick Shot,Juanita Thompson,NBT,2161,0.5010793101595161,0.8357843137254901,0.6,0.587689437438234,0.4366862891479277,0.13134312279506336,7.61364568406307,4
BetDeluxe Rockhampton,QLD,9,Place a Srm with Betdeluxe,2026-03-18T22:20:00+11:00,407m,5th Grade,2,Sunburnt Dawn,Garry Cluse,23.96,3542,0.5059051795516297,0.761437908496732,0.65,0.7763932022500211,0.8718155914390879,0.20991072011378434,4.763930110181793,1
BetDeluxe Rockhampton,QLD,9,Place a Srm with Betdeluxe,2026-03-18T22:20:00+11:00,407m,5th Grade,8,Crisp Ride On,Juanita Thompson,23.87,3262,0.5007792197712859,0.7553104575163397,0.6,0.6721280737849,0.6847885371951741,0.1648794267730725,6.065038067947215,2
BetDeluxe Rockhampton,QLD,9,Place a Srm with Betdeluxe,2026-03-18T22:20:00+11:00,407m,5th Grade,3,Mustang Beach,Kelly Suli,24.06,6357,0.5080632342062211,0.47916666666666663,0.55,0.7041960108450191,0.5576719058946655,0.13427301886210263,7.447512601373716,3
BetDeluxe Rockhampton,QLD,9,Place a Srm with Betdeluxe,2026-03-18T22:20:00+11:00,407m,5th Grade,1,Bella Matilda,Phil Carter,24.05,4624,0.48648248982778003,0.6911764705882353,0.75,0.717157287525381,0.5176742033753879,0.12464260318571002,8.02293898266919,4
Meadows,VIC,5,Sportsbet Ht1,2026-03-18T20:20:00+11:00,525m,Grade 5 Heat,2,Belair Brindle,Elizabeth Steel,30.45,2456,0.5024412859836919,0.5559640522875816,0.6,0.7041960108450191,0.6749288552702618,0.19005632289835486,5.261598166006904,1
Meadows,VIC,5,Sportsbet Ht1,2026-03-18T20:20:00+11:00,525m,Grade 5 Heat,5,Mighty Scar,Matthew Clark,30.26,2234,0.49637931445961736,0.7561274509803921,0.55,0.83416876048223,0.47612359550561806,0.13407383474619172,7.458576849786153,2
Meadows,VIC,5,Sportsbet Ht1,2026-03-18T20:20:00+11:00,525m,Grade 5 Heat,1,Can't Ignore Her,Gary Thorneycroft,NBT,5627,0.49858663130689135,0.5269607843137254,0.65,0.6258342613226059,0.4701481622345101,0.1323911849878309,7.553372983948424,3
Meadows,VIC,5,Sportsbet Ht1,2026-03-18T20:20:00+11:00,525m,Grade 5 Heat,3,Flash Of Genius,,NBT,6265,0.5001284973875109,0.5690359477124182,0.55,0.6721280737849,0.46170528802478583,0.13001371717850008,7.6914961105762965,4
Meadows,VIC,6,Sportsbet Ht2,2026-03-18T20:44:00+11:00,525m,Grade 5 Heat,1,Overland Boy,,30.40,2111,0.5059037255118982,0.9889705882352942,0.65,0.9133974596215562,1.0,0.34611307690997256,2.8892291759901054,1
Meadows,VIC,6,Sportsbet Ht2,2026-03-18T20:44:00+11:00,525m,Grade 5 Heat,8,Par Excellence,Jeff Geall,30.69,1131,0.5036285339653218,0.9387254901960782,0.55,0.8267949192431123,0.6964732691144876,0.24105850615876265,4.148370517742252,2
Meadows,VIC,6,Sportsbet Ht2,2026-03-18T20:44:00+11:00,525m,Grade 5 Heat,6,So He Thinks,Stefano Cassar,30.25,6163,0.5034291690257504,0.6895424836601306,0.55,0.5757359312880715,0.4039470521613246,0.13981135713226925,7.152494765170936,3
Meadows,VIC,6,Sportsbet Ht2,2026-03-18T20:44:00+11:00,525m,Grade 5 Heat,2,In One Moment,Gary Thorneycroft,NBT,4162,0.4976707595478023,0.7626633986928103,0.6,0.6159427126065696,0.34667678139913904,0.11998936750330196,8.33407176658783,4
Meadows,VIC,7,Sportsbet Ht3,2026-03-18T21:03:00+11:00,525m,Grade 5 Heat,5,Scott Sigma,Emma Scott,30.50,2111,0.498444891998226,0.9889705882352942,0.55,0.9133974596215562,0.6682828687816509,0.19151053149956196,5.221644951689183,1
Meadows,VIC,7,Sportsbet Ht3,2026-03-18T21:03:00+11:00,525m,Grade 5 Heat,1,Champlain,Greg Johnson,30.15,1645,0.5014354795254206,0.6119281045751633,0.65,0.6258342613226059,0.645715906742869,0.1850434932194147,5.404134901486394,2
Meadows,VIC,7,Sportsbet Ht3,2026-03-18T21:03:00+11:00,525m,Grade 5 Heat,3,Belair Crown,Trevor Steel,30.71,6314,0.5030304365483087,0.7549019607843137,0.55,0.639444872453601,0.6332744699506216,0.1814781374636322,5.5103056157406165,3
Meadows,VIC,7,Sportsbet Ht3,2026-03-18T21:03:00+11:00,525m,Grade 5 Heat,7,Mighty Multi,Michelle Mallia,30.39,3236,0.5005781699632398,0.6429738562091503,0.55,0.7,0.5047674710634488,0.14465175030341143,6.913155201388643,4
Meadows,VIC,8,Gorski Truck and Trailer,2026-03-18T21:23:00+11:00,525m,Grade 5,2,No More Extras,,30.54,4141,0.5005781699632398,0.8749999999999999,0.6,0.7,0.6688143707716773,0.1878869528214003,5.322349343493638,1
Meadows,VIC,8,Gorski Truck and Trailer,2026-03-18T21:23:00+11:00,525m,Grade 5,6,Taste That,Mark Filomeno,30.87,1351,0.5015750450899408,0.8406862745098038,0.55,0.66833752096446,0.6447806165397971,0.18113526050612266,5.520736256462879,2
Meadows,VIC,8,Gorski Truck and Trailer,2026-03-18T21:23:00+11:00,525m,Grade 5,8,Bit Of Potash,,30.56,3344,0.5007775454918202,0.696078431372549,0.55,0.9,0.5557666400535641,0.156128972466562,6.4049611305433345,3
Meadows,VIC,8,Gorski Truck and Trailer,2026-03-18T21:23:00+11:00,525m,Grade 5,1,Paw Quebec,,30.50,2316,0.5003787942857493,0.6968954248366013,0.65,0.6258342613226059,0.5296524576580595,0.14879283501178137,6.720753723933147,4
Meadows,VIC,9,We Stand with Tasmania (1-2 Wins) (275+),2026-03-18T21:47:00+11:00,525m,Rank Limit - Restricted Win,2,Maxi Grin,Andrea Chapple,30.43,2761,0.5039224232297533,0.7254901960784313,0.6,0.4900980486407216,0.7096659008590664,0.23684028154381165,4.2222547342100505,1
Meadows,VIC,9,We Stand with Tasmania (1-2 Wins) (275+),2026-03-18T21:47:00+11:00,525m,Rank Limit - Restricted Win,1,Transponding,Mark Filomeno,31.07,7161,0.5005781699632398,0.7806372549019607,0.65,0.44547317467952907,0.6854364018646244,0.22875405201444785,4.371507263778834,2
Meadows,VIC,9,We Stand with Tasmania (1-2 Wins) (275+),2026-03-18T21:47:00+11:00,525m,Rank Limit - Restricted Win,5,Naringal Boy,Jacob,NBT,4217,0.5056711649314107,0.6421568627450981,0.55,0.5417424305044161,0.6426409520808458,0.21447171667423395,4.662619461002977,3
Meadows,VIC,9,We Stand with Tasmania (1-2 Wins) (275+),2026-03-18T21:47:00+11:00,525m,Rank Limit - Restricted Win,4,Miss Penelope,Sheldon Hamilton,31.65,5461,0.4969270256542381,0.7475490196078431,0.55,0.6258342613226059,0.4627871362940277,0.15444822066559852,6.474661836118763,4
Meadows,VIC,10,Di Battista Real Estate,2026-03-18T22:08:00+11:00,525m,Grade 5,1,Angry Chief,Stephen Brincat,30.46,5334,0.4996752241747141,0.7046568627450981,0.65,0.83416876048223,0.7708539104293791,0.22667535990051874,4.411595510155453,1
Meadows,VIC,10,Di Battista Real Estate,2026-03-18T22:08:00+11:00,525m,Grade 5,7,Sir Dodge,Sheldon Hamilton,30.12,5545,0.5043437556809415,0.5861928104575163,0.55,0.9133974596215562,0.7094507269789982,0.20861929438753488,4.793420488434701,2
Meadows,VIC,10,Di Battista Real Estate,2026-03-18T22:08:00+11:00,525m,Grade 5,2,Obliviate,Lisa Cockerell,30.41,6446,0.5026732724010474,0.5424836601307189,0.6,0.8,0.6070269987289607,0.1785008307599742,5.602214822992483,3
Meadows,VIC,10,Di Battista Real Estate,2026-03-18T22:08:00+11:00,525m,Grade 5,8,Cruzado,Terrence,30.93,7645,0.5008794583016204,0.545751633986928,0.55,0.7763932022500211,0.4513603971301251,0.132725901860344,7.534324393231199,4
Meadows,VIC,11,Hector Fawley at Stud,2026-03-18T22:23:00+11:00,525m,Free For All,1,Reuben Hill,Jeff Geall,30.19,2665,0.5078077152698995,0.5396241830065359,0.65,0.6721280737849,0.562363238512035,0.2507408747977114,3.9881810287483583,1
Meadows,VIC,11,Hector Fawley at Stud,2026-03-18T22:23:00+11:00,525m,Free For All,8,White Crest,,29.83,5213,0.49714860773744207,0.835375816993464,0.55,0.7041960108450191,0.42262956806414326,0.1884378287104454,5.306790079483486,2
Meadows,VIC,11,Hector Fawley at Stud,2026-03-18T22:23:00+11:00,525m,Free For All,5,Zipping Singh,Greg Johnson,30.15,6643,0.4992805124386657,0.6589052287581699,0.55,0.7401923788646684,0.4034718046562885,0.17989595750143272,5.558768600967789,3
Meadows,VIC,11,Hector Fawley at Stud,2026-03-18T22:23:00+11:00,525m,Free For All,2,Paw Manny,,29.98,7547,0.5019454157502624,0.46200980392156865,0.6,0.7401923788646684,0.39169812986229635,0.1746464295891167,5.725854243643331,4
Meadows,VIC,12,Gorski Australian Made Tippers (275+),2026-03-18T22:44:00+11:00,525m,Rank Limit - Grade 5,8,Moraine Joker,Briana,30.67,5211,0.5004795356208748,0.9375,0.55,0.6721280737849,0.7695589225075788,0.303461360065139,3.295312456865502,1
Meadows,VIC,12,Gorski Australian Made Tippers (275+),2026-03-18T22:44:00+11:00,525m,Rank Limit - Grade 5,1,Out The Window,Briana,NBT,5431,0.498481042320637,0.8394607843137254,0.65,0.7041960108450191,0.7324255244886742,0.28881848979610386,3.4623822065753695,2
Meadows,VIC,12,Gorski Australian Made Tippers (275+),2026-03-18T22:44:00+11:00,525m,Rank Limit - Grade 5,4,Strike It Mike,Bianca Clark,30.53,2712,0.4986141144735606,0.8276143790849672,0.55,0.530958424017657,0.4287589352807703,0.16907317404159147,5.914598845550762,3
Meadows,VIC,12,Gorski Australian Made Tippers (275+),2026-03-18T22:44:00+11:00,525m,Rank Limit - Grade 5,6,Athens Aura,Briana,31.00,1757,0.5011457570255016,0.4607843137254902,0.55,0.5101020514433644,0.3746667290662772,0.1477429107093352,6.768514273875169,4
Richmond,NSW,5,Sires on Ice @ Richmond 0-2 Win Final F,2026-03-18T20:27:00+11:00,520m,Mixed,1,Hello Shelly,Christine Proctor,30.21,5352,0.5035315955585667,0.7455065359477123,0.65,0.7401923788646684,0.8218125699589585,0.1322203156708918,7.563134265153999,1
Richmond,NSW,5,Sires on Ice @ Richmond 0-2 Win Final F,2026-03-18T20:27:00+11:00,520m,Mixed,8,Midnight Hoyeon,,29.97,6121,0.502820130838464,0.9142156862745097,0.55,0.587689437438234,0.805474765882746,0.12959174841445048,7.716540692096197,2
Richmond,NSW,5,Sires on Ice @ Richmond 0-2 Win Final F,2026-03-18T20:27:00+11:00,520m,Mixed,5,Gull Wing,Deanne Tull,30.02,4231,0.500579758033658,0.8872549019607843,0.55,0.7763932022500211,0.8042733420053413,0.1293984529476594,7.728067664027574,3
Richmond,NSW,5,Sires on Ice @ Richmond 0-2 Win Final F,2026-03-18T20:27:00+11:00,520m,Mixed,2,Itchy's Magic,Katherine Vella,30.38,6444,0.5033207544051886,0.6446078431372548,0.6,0.8267949192431123,0.764678589270162,0.12302810659749618,8.128223929119232,4
Richmond,NSW,6,Steeline Riverstone Masters Heat 1 H,2026-03-18T20:50:00+11:00,401m,M2/M3,7,Soul Panoramic,Troy Vella,23.06,4412,0.504770268716087,0.8607026143790849,0.55,0.7401923788646684,0.871981970409222,0.14869017884771332,6.725393753303558,1
Richmond,NSW,6,Steeline Riverstone Masters Heat 1 H,2026-03-18T20:50:00+11:00,401m,M2/M3,8,Despicable Goat,Sarah Easey,NBT,1235,0.5043485996602739,0.71609477124183,0.6,0.7041960108450191,0.7555217838378327,0.12883141277504867,7.762082076566921,2
Richmond,NSW,6,Steeline Riverstone Masters Heat 1 H,2026-03-18T20:50:00+11:00,401m,M2/M3,4,Crafty Chap,John Chapman,22.83,5335,0.5040852087445188,0.6535947712418301,0.5,0.8,0.741258868091234,0.12639930343653064,7.911436003301504,3
Richmond,NSW,6,Steeline Riverstone Masters Heat 1 H,2026-03-18T20:50:00+11:00,401m,M2/M3,2,Midnight Star,,22.81,5431,0.4986030744924596,0.8394607843137254,0.65,0.7041960108450191,0.6922260039975214,0.11803822995230685,8.471831544780436,4
Richmond,NSW,7,Ladbrokes Blackbook Masters Ht 2 H,2026-03-18T21:10:00+11:00,401m,M2/M3,6,Zipping Strop,Melinda Finn,23.03,2323,0.5055870230356504,0.8194444444444443,0.5,0.9,0.8127514633583661,0.15781804931071608,6.336410850137776,1
Richmond,NSW,7,Ladbrokes Blackbook Masters Ht 2 H,2026-03-18T21:10:00+11:00,401m,M2/M3,4,Open Road,Mathew Wotton,23.00,5752,0.507695122314597,0.6719771241830065,0.5,0.6429285785728575,0.6412399197868335,0.12451436612953395,8.031201788873798,2
Richmond,NSW,7,Ladbrokes Blackbook Masters Ht 2 H,2026-03-18T21:10:00+11:00,401m,M2/M3,2,Fantasia Queen,Mackayla Clarke,22.85,3325,0.5010805389389803,0.7062908496732025,0.65,0.7820550528229663,0.6310188161212894,0.12252965774693271,8.16128942484566,3
Richmond,NSW,7,Ladbrokes Blackbook Masters Ht 2 H,2026-03-18T21:10:00+11:00,401m,M2/M3,7,No More Trouble,John Polidano,22.70,2312,0.49293724223183577,0.9011437908496731,0.55,0.8585786437626906,0.588160900085145,0.11420761464854406,8.755983592489367,4
Richmond,NSW,8,T &amp; C Plumbing Services,2026-03-18T21:30:00+11:00,320m,Free For All,3,Stephen Witherap,Joanne Zammit,17.91,2115,0.5032682517042212,0.7847222222222221,0.55,0.6721280737849,0.7055594961256296,0.16488762199274534,6.064736624341624,1
Richmond,NSW,8,T &amp; C Plumbing Services,2026-03-18T21:30:00+11:00,320m,Free For All,2,Maybe Next Week,Melinda Finn,17.97,3343,0.5003162849836763,0.7471405228758169,0.7,0.9133974596215562,0.6873004944990802,0.1606205355532662,6.225853976612925,2
Richmond,NSW,8,T &amp; C Plumbing Services,2026-03-18T21:30:00+11:00,320m,Free For All,1,Bugatti Rico,,18.23,4151,0.5001054277058132,0.8443627450980391,0.8,0.6429285785728575,0.6800286089989578,0.1589211127347755,6.292430142173159,3
Richmond,NSW,8,T &amp; C Plumbing Services,2026-03-18T21:30:00+11:00,320m,Free For All,7,Grid Girl,Ben Izzard,18.09,2341,0.5003162849836763,0.8602941176470588,0.55,0.7763932022500211,0.6564928683201985,0.1534208645860814,6.5180182806160625,4
Richmond,NSW,9,Poolwerx Richmond-kurrajong,2026-03-18T21:53:00+11:00,520m,4th/5th Grade,1,Spring Witness,Gregory Board,30.07,2373,0.5047441261422809,0.6662581699346405,0.65,0.6159427126065696,0.6745844335330572,0.25794023421219625,3.87686706982418,1
Richmond,NSW,9,Poolwerx Richmond-kurrajong,2026-03-18T21:53:00+11:00,520m,4th/5th Grade,2,Winsome Storm,Melinda Finn,29.68,4325,0.497575204666356,0.6952614379084967,0.6,0.7763932022500211,0.4061821643320273,0.15531150348651762,6.438673102451864,2
Richmond,NSW,9,Poolwerx Richmond-kurrajong,2026-03-18T21:53:00+11:00,520m,4th/5th Grade,4,Valley Cash,Phillip Cini,29.86,6235,0.5009488574919936,0.6609477124183005,0.55,0.683772233983162,0.3968090453557641,0.15172751253764014,6.590762500979661,3
Richmond,NSW,9,Poolwerx Richmond-kurrajong,2026-03-18T21:53:00+11:00,520m,4th/5th Grade,3,Big Town Tilly,George Tyrpenou,29.96,1166,0.5041116013908215,0.5915032679738561,0.55,0.5,0.3756876481190009,0.1436513431519845,6.961299338092442,4
Richmond,NSW,10,Greyhound Products Direct,2026-03-18T22:14:00+11:00,401m,4th/5th Grade,5,Zipping Georgia,Melinda Finn,22.69,4451,0.5015911079529272,0.7892156862745098,0.5,0.7,0.6421722487893292,0.13378370196512285,7.474752046110206,1
Richmond,NSW,10,Greyhound Products Direct,2026-03-18T22:14:00+11:00,401m,4th/5th Grade,7,Zipping Balboa,Courtney Barnes,22.61,5753,0.5045611161193178,0.6209150326797385,0.55,0.717157287525381,0.6158626584606613,0.12830262675829046,7.794072695673657,2
Richmond,NSW,10,Greyhound Products Direct,2026-03-18T22:14:00+11:00,401m,4th/5th Grade,8,Go Forward Rocky,Adam Campton,22.63,3443,0.4981058473630338,0.7287581699346406,0.6,0.9,0.597804707459459,0.1245406150248339,8.029509086658965,3
Richmond,NSW,10,Greyhound Products Direct,2026-03-18T22:14:00+11:00,401m,4th/5th Grade,3,Zipping Admiral,Courtney Barnes,22.96,7212,0.4998939160857985,0.8643790849673202,0.55,0.530958424017657,0.5838185476286779,0.12162687927563988,8.221866794211875,4
Richmond,NSW,11,gapnsw.com.au,2026-03-18T22:30:00+11:00,401m,5th Grade,4,Ray's Beauty,Kenneth Gorry,NBT,1132,0.5023487747801721,0.8876633986928103,0.5,0.83416876048223,0.7935219087261549,0.1567652108870217,6.378966317473874,1
Richmond,NSW,11,gapnsw.com.au,2026-03-18T22:30:00+11:00,401m,5th Grade,6,Mister Anatoly,Deanne Tull,23.04,4122,0.5011196789187123,0.8852124183006534,0.5,0.7820550528229663,0.7263430792662968,0.14349361340293473,6.968951274451271,2
Richmond,NSW,11,gapnsw.com.au,2026-03-18T22:30:00+11:00,401m,5th Grade,5,Blue Franky,John Chapman,23.22,5231,0.4987119779761306,0.8762254901960784,0.5,0.7041960108450191,0.6030715406119411,0.11914055075777129,8.393447853310112,3
Richmond,NSW,11,gapnsw.com.au,2026-03-18T22:30:00+11:00,401m,5th Grade,3,True Request,Sam Simonetta,23.13,2861,0.5061874035172824,0.7071078431372548,0.55,0.42772384288702014,0.5782456140350878,0.11423603385346334,8.753805312277853,4
Richmond,NSW,12,The Lids Fly Hosted Pots,2026-03-18T22:50:00+11:00,320m,4th/5th Grade,2,Spencer Fury,Shaun Flaherty,18.33,2621,0.5023572174068912,0.8664215686274509,0.7,0.6159427126065696,0.8445039179992122,0.14657682674390562,6.822360820698951,1
Richmond,NSW,12,The Lids Fly Hosted Pots,2026-03-18T22:50:00+11:00,320m,4th/5th Grade,6,Reborn Spark,Anthony Orley,18.22,5321,0.5007955716673768,0.8884803921568627,0.45,0.7041960108450191,0.7610091718432564,0.13208501127628416,7.570881740005195,2
Richmond,NSW,12,The Lids Fly Hosted Pots,2026-03-18T22:50:00+11:00,320m,4th/5th Grade,1,Sneaky Jade,Nick Kilner,18.05,4122,0.49575703870126137,0.8852124183006534,0.8,0.7820550528229663,0.6999027945010226,0.12147904640893266,8.231872323344707,3
Richmond,NSW,12,The Lids Fly Hosted Pots,2026-03-18T22:50:00+11:00,320m,4th/5th Grade,3,Supreme Lady,Leonardus Vanderburg,17.98,4513,0.4991454986108607,0.7912581699346404,0.55,0.7041960108450191,0.6525601982087756,0.11326200041727415,8.829086510178616,4
Taree,NSW,6,Active 24/7 Locksmiths and Security,2026-03-18T20:14:00+11:00,300m,5th Grade,4,King Kermaro,Danial Stone,17.37,1211,0.5000901642429768,0.9816176470588235,0.5,0.9133974596215562,0.7555877374583531,0.14640342008141272,6.830441525504767,1
Taree,NSW,6,Active 24/7 Locksmiths and Security,2026-03-18T20:14:00+11:00,300m,5th Grade,7,Queen's Wharf,Jonathan Childs,17.49,6321,0.5036968520042772,0.8774509803921567,0.55,0.6258342613226059,0.7486400008273151,0.14505721982672035,6.893831283920654,2
Taree,NSW,6,Active 24/7 Locksmiths and Security,2026-03-18T20:14:00+11:00,300m,5th Grade,2,Tangles Tippett,Beverley Sloan,17.41,1821,0.5024946412870818,0.8406862745098038,0.7,0.4169048105154699,0.6366471280288538,0.12335737110023001,8.106528139185802,3
Taree,NSW,6,Active 24/7 Locksmiths and Security,2026-03-18T20:14:00+11:00,300m,5th Grade,3,Overriding,Leeanne Goodwin,17.15,3324,0.4991283677632855,0.7573529411764706,0.55,0.8585786437626906,0.5770275133631801,0.11180541616730381,8.944110529525835,4
Taree,NSW,7,Manning River Steel,2026-03-18T20:34:00+11:00,300m,5th Grade,8,Run Rolex,Denis Solomon,17.44,11,0.5033361607072632,1.0,0.65,1.0,0.856090371516975,0.1936732553135682,5.163335528082813,1
Taree,NSW,7,Manning River Steel,2026-03-18T20:34:00+11:00,300m,5th Grade,1,She's A Panama,Julie King,17.58,4151,0.5064617713330034,0.8443627450980391,0.8,0.6429285785728575,0.7851848755468437,0.1776323107111605,5.629606438133052,2
Taree,NSW,7,Manning River Steel,2026-03-18T20:34:00+11:00,300m,5th Grade,6,Dive Right In,Allan Woods,17.95,41,0.49996997302123286,0.8749999999999999,0.45,0.7,0.512437027489425,0.11592858716682516,8.626000061235683,3
Taree,NSW,7,Manning River Steel,2026-03-18T20:34:00+11:00,300m,5th Grade,9,Tralee Luna,Jason Carter,17.46,3233,0.5004508307410179,0.7961601307189542,0.3,0.9133974596215562,0.5111059495492656,0.11562745751238232,8.648464832783441,4
Taree,NSW,8,Tg Ladbrokes Racing Extras In Multi 8-15,2026-03-18T20:57:00+11:00,300m,5th Grade,6,Power Rolex,Peter Neilson,17.67,6423,0.5059208823993162,0.7569444444444444,0.45,0.7041960108450191,0.6862538681158906,0.16887764812352823,5.921446746277128,1
Taree,NSW,8,Tg Ladbrokes Racing Extras In Multi 8-15,2026-03-18T20:57:00+11:00,300m,5th Grade,1,Blue Legend,Peter Neilson,17.60,4635,0.5040574723661219,0.6094771241830065,0.8,0.7763932022500211,0.6453060726433295,0.1588009582620416,6.297191219399784,2
Taree,NSW,8,Tg Ladbrokes Racing Extras In Multi 8-15,2026-03-18T20:57:00+11:00,300m,5th Grade,7,Heading South,Melanie Mabbott,NBT,4322,0.4989480590097207,0.8484477124183005,0.55,0.83416876048223,0.554542128989384,0.13646519878460833,7.327875596901181,3
Taree,NSW,8,Tg Ladbrokes Racing Extras In Multi 8-15,2026-03-18T20:57:00+11:00,300m,5th Grade,4,Snacks,Aaron Shearman,17.67,3553,0.5014126172160353,0.6797385620915032,0.5,0.8,0.5031464172977782,0.12381742029128907,8.076407969471749,4
Taree,NSW,9,Tg Ladbrokes Quick Multi 8-15,2026-03-18T21:17:00+11:00,300m,5th Grade,1,Malmsteen,Jonathan Childs,17.58,3662,0.5006312043031798,0.6817810457516339,0.8,0.6429285785728575,0.7589330295648336,0.18955091527935114,5.275627387640136,1
Taree,NSW,9,Tg Ladbrokes Quick Multi 8-15,2026-03-18T21:17:00+11:00,300m,5th Grade,7,Just Too Easy,Brian Smoothy,17.75,7242,0.50027050926929,0.7724673202614378,0.55,0.5907323614063775,0.6841464576446873,0.17087224060604422,5.8523256700633866,2
Taree,NSW,9,Tg Ladbrokes Quick Multi 8-15,2026-03-18T21:17:00+11:00,300m,5th Grade,3,Tralee Digby,Melanie Mabbott,17.53,8541,0.5003907549650035,0.7573529411764706,0.55,0.5,0.6131428858648866,0.15313840705991238,6.53004049865015,3
Taree,NSW,9,Tg Ladbrokes Quick Multi 8-15,2026-03-18T21:17:00+11:00,300m,5th Grade,9,Got A Secret,Larry Croker,17.90,5685,0.5012323193730174,0.4452614379084967,0.3,0.7550510257216823,0.55,0.13736785637518112,7.27972341119443,4
Taree,NSW,10,Tg Harrington Bakehouse and Cafe 8-15,2026-03-18T21:41:00+11:00,300m,5th Grade,1,Midweek Scotches,Jason Carter,17.41,5643,0.50099186728881,0.6699346405228758,0.8,0.7763932022500211,0.8289249227373079,0.17795413942927485,5.619425337377076,1
Taree,NSW,10,Tg Harrington Bakehouse and Cafe 8-15,2026-03-18T21:41:00+11:00,300m,5th Grade,2,Shipley's Girl,Peter Neilson,17.26,4555,0.5005109621517944,0.5665849673202614,0.7,0.9133974596215562,0.7098939232663681,0.15240048734904862,6.561658806967342,2
Taree,NSW,10,Tg Harrington Bakehouse and Cafe 8-15,2026-03-18T21:41:00+11:00,300m,5th Grade,5,Quirky Nacho,Melanie Mabbott,17.51,3826,0.5018634809948687,0.5633169934640522,0.5,0.5230303992915272,0.5944734550399132,0.1276219464554581,7.8356429107513605,3
Taree,NSW,10,Tg Harrington Bakehouse and Cafe 8-15,2026-03-18T21:41:00+11:00,300m,5th Grade,6,Kingsbrae Maggie,Arron Watson,17.53,3734,0.49897812618862797,0.6531862745098038,0.45,0.6721280737849,0.5423913472485945,0.11644092581361162,8.588045766663793,4
Taree,NSW,11,Tg Npc Electrical 8-15,2026-03-18T21:59:00+11:00,300m,5th Grade,1,Bugle Girl,Aaron Shearman,17.69,5665,0.5064317066046949,0.5065359477124183,0.8,0.9,0.80724470070209,0.16366446317917566,6.110061894775689,1
Taree,NSW,11,Tg Npc Electrical 8-15,2026-03-18T21:59:00+11:00,300m,5th Grade,3,Tralee Tiny,Melanie Mabbott,17.74,5614,0.5093270350395861,0.7107843137254901,0.55,0.6258342613226059,0.8025287355610932,0.162708326951212,6.145966950418274,2
Taree,NSW,11,Tg Npc Electrical 8-15,2026-03-18T21:59:00+11:00,300m,5th Grade,6,Not A Boodie,Jason Carter,17.36,6564,0.5043996277634157,0.5649509803921569,0.45,0.83416876048223,0.6878337803657648,0.13945454993034487,7.1707950762415615,3
Taree,NSW,11,Tg Npc Electrical 8-15,2026-03-18T21:59:00+11:00,300m,5th Grade,7,Ultra Special,Jonathan Childs,17.92,4137,0.5057855548520621,0.5992647058823529,0.55,0.5669872981077806,0.643486721092424,0.1304634253763728,7.66498347805225,4
Taree,NSW,12,Tg Fab Con Manning Valley 8-15,2026-03-18T22:18:00+11:00,300m,5th Grade,4,Chucky's Dream,Beverley Sloan,17.63,7245,0.5060072572061554,0.619281045751634,0.5,0.639444872453601,0.8240813682595886,0.16443086244148847,6.081583378885717,1
Taree,NSW,12,Tg Fab Con Manning Valley 8-15,2026-03-18T22:18:00+11:00,300m,5th Grade,1,Impress Bev,Lauren Bramble,17.80,8364,0.4999771515873212,0.5796568627450981,0.8,0.6159427126065696,0.6939537597485386,0.1384661995828808,7.221979104015464,2
Taree,NSW,12,Tg Fab Con Manning Valley 8-15,2026-03-18T22:18:00+11:00,300m,5th Grade,3,Lipschitz,Allan Woods,17.71,5563,0.4970533828324214,0.6270424836601307,0.55,0.7820550528229663,0.676445992333384,0.13497283423525894,7.40889828435395,3
Taree,NSW,12,Tg Fab Con Manning Valley 8-15,2026-03-18T22:18:00+11:00,300m,5th Grade,8,Floyd's Dream,Tony Desira,18.05,5568,0.5041641130200534,0.3717320261437908,0.65,0.7550510257216823,0.6321955047310609,0.12614343204252018,7.927483689066919,4
